Sum of delta,Phase,Qubits,Spin,CorrelatedPairs,OnesCount
586,0,5,true,2,4
568,2,5,false,2,4
564,2,5,true,2,4
536,1,5,false,2,4
532,1,5,true,2,4
514,0,5,false,2,4
418,0,5,false,3,4
398,2,5,false,3,4
398,2,5,true,3,4
390,1,7,true,3,5
376,0,7,true,3,5
376,1,5,true,3,4
368,0,5,true,3,4
368,2,7,false,3,5
358,0,7,false,3,5
350,1,5,false,3,4
350,1,7,false,3,5
348,2,7,true,3,5
318,2,9,true,4,6
302,1,11,false,5,7
300,2,7,false,2,5
298,1,7,true,2,5
298,2,7,true,2,5
296,0,7,false,2,5
288,0,7,true,2,5
278,1,11,true,5,7
276,0,11,true,5,7
276,2,9,false,4,6
274,1,9,false,4,6
272,0,7,true,4,5
270,0,9,false,4,6
270,1,9,false,5,6
266,0,9,true,5,6
266,1,7,false,2,5
266,2,11,false,5,7
260,2,13,true,6,8
254,0,15,true,7,9
252,1,9,true,4,6
252,2,11,true,5,7
250,0,11,false,4,7
248,0,11,false,5,7
246,0,7,false,4,5
246,0,9,true,4,6
246,1,11,false,4,7
246,2,9,false,5,6
242,2,7,false,4,5
240,0,9,true,6,8
240,1,7,false,4,5
238,1,7,false,4,6
238,1,10,true,5,7
236,1,9,true,5,6
234,2,7,false,4,6
232,1,9,false,3,6
232,1,11,false,6,9
232,1,11,true,4,7
232,2,7,true,4,5
232,2,15,true,7,9
230,0,10,false,5,7
230,1,7,true,4,5
228,0,13,false,6,8
228,2,11,false,4,7
226,1,13,true,6,8
226,2,13,false,6,8
224,0,7,false,4,6
224,0,13,true,6,8
224,2,10,true,4,7
222,0,10,false,5,8
222,2,13,false,5,8
220,0,15,false,7,9
220,1,13,false,6,8
220,2,9,false,3,6
220,2,10,true,5,7
218,2,9,true,3,6
218,2,10,false,5,7
216,2,10,false,5,8
213,2,10,true,5,8
212,0,9,false,5,6
212,0,11,true,4,7
212,2,7,true,4,6
212,2,19,true,10,13
210,1,10,false,5,7
210,2,9,true,5,6
210,2,11,false,6,7
210,2,17,false,8,10
208,2,13,true,5,8
206,0,13,false,5,8
204,0,7,true,4,6
204,0,13,true,7,8
204,1,5,false,4,5
202,0,9,true,3,6
202,0,10,true,5,7
202,1,9,true,3,6
202,1,15,true,7,9
200,0,9,false,3,6
200,0,11,true,6,7
200,1,15,true,6,9
198,0,19,true,9,11
198,1,13,false,5,8
196,0,13,true,5,8
196,1,9,false,6,8
196,1,10,true,4,6
196,1,11,true,6,9
196,1,13,false,7,8
196,1,15,false,7,9
196,2,11,true,6,7
194,0,5,true,4,5
194,0,15,false,6,9
194,0,15,true,6,9
194,1,10,true,4,7
192,1,13,true,5,8
192,1,13,true,7,8
190,0,5,false,4,5
188,1,11,true,6,7
188,2,5,true,4,5
186,0,13,false,7,8
186,2,19,false,8,11
184,0,17,false,9,10
184,1,7,true,4,6
183,0,10,false,4,6
183,1,10,false,5,8
182,1,10,false,4,6
182,2,5,false,4,5
182,2,9,true,4,7
180,1,5,true,4,5
180,2,9,false,6,8
180,2,10,true,4,6
180,2,15,false,5,9
180,2,19,false,9,11
178,0,10,false,4,7
178,1,17,false,7,10
178,2,10,false,4,6
178,2,17,true,9,10
176,0,11,false,6,7
176,0,17,true,7,10
172,0,11,true,6,9
172,1,10,false,4,7
172,2,11,true,4,7
172,2,13,true,6,10
172,2,15,false,6,9
170,0,13,true,4,8
170,0,17,false,7,10
170,1,19,false,9,11
170,1,19,true,8,11
170,2,10,false,4,7
168,0,10,true,4,7
168,0,15,true,8,11
168,0,19,true,10,13
168,1,10,true,6,7
168,1,17,true,8,12
168,2,9,false,4,7
168,2,9,true,6,8
168,2,13,false,7,8
168,2,17,true,7,10
166,1,15,false,6,9
166,1,15,false,8,9
166,1,17,false,9,10
164,0,11,true,6,8
164,1,17,false,9,12
164,1,17,true,7,10
164,2,15,false,7,9
164,2,15,false,8,11
162,0,15,true,8,9
162,1,15,true,8,9
162,2,15,true,6,9
160,0,9,true,4,7
160,1,9,false,4,7
158,0,9,false,4,7
158,0,17,true,9,10
158,1,17,false,6,10
158,1,17,true,9,10
158,2,15,true,8,9
157,2,10,true,5,6
156,0,10,true,4,6
156,0,17,true,8,12
156,1,9,true,6,8
156,1,15,true,8,11
156,1,17,false,8,10
156,2,13,true,8,10
154,1,17,true,8,10
154,2,17,true,8,10
152,0,13,true,7,10
152,2,11,true,6,9
152,2,17,false,9,10
150,0,11,true,5,8
150,0,20,true,10,13
150,1,9,true,4,7
150,1,11,false,6,7
150,2,11,true,6,8
150,2,15,false,8,9
149,0,10,true,5,6
148,0,17,true,8,10
148,1,17,false,8,12
148,1,17,true,9,12
148,2,13,false,6,9
148,2,15,true,7,10
147,0,10,true,6,8
147,1,20,true,11,13
146,0,10,true,3,7
146,0,13,true,6,9
146,0,17,false,8,10
146,1,11,false,6,8
146,1,19,true,9,11
146,2,9,false,5,7
146,2,13,true,7,9
146,2,19,true,7,11
144,0,10,true,5,8
144,0,11,false,6,8
144,0,13,true,6,10
144,0,19,false,9,11
144,0,19,true,8,11
144,2,11,false,6,9
144,2,13,true,7,8
144,2,19,false,9,13
144,2,19,true,8,11
144,2,19,true,9,12
144,2,20,false,10,13
142,0,17,false,6,10
142,0,20,false,10,12
142,1,9,true,5,7
142,1,10,false,3,7
142,1,15,false,8,10
142,1,15,true,7,10
142,1,20,true,8,12
142,2,9,false,2,6
142,2,9,true,5,7
141,1,20,false,10,13
140,0,10,true,6,7
140,0,11,false,6,9
140,0,17,false,8,12
140,0,19,false,10,11
140,1,13,true,4,8
140,2,15,true,5,9
140,2,17,false,7,10
138,0,11,true,3,7
138,0,15,false,8,10
138,1,10,false,5,6
138,1,11,true,6,8
138,1,17,true,9,11
138,1,19,false,10,11
138,1,19,true,8,12
138,1,19,true,10,11
138,2,19,false,7,11
138,2,20,true,9,13
136,0,9,false,6,8
136,0,11,false,5,8
136,0,13,false,6,9
136,0,17,true,10,12
136,0,19,false,8,11
136,2,20,true,10,12
135,0,20,false,11,13
135,1,10,false,6,8
134,0,9,true,5,7
134,0,10,false,5,6
134,0,11,false,3,7
134,0,19,true,9,12
134,0,19,true,10,11
134,0,20,true,10,12
134,1,20,true,9,12
134,2,13,false,7,9
133,1,10,true,5,6
132,0,13,false,7,9
132,0,13,false,8,10
132,0,15,false,8,11
132,0,15,false,9,11
132,0,17,true,7,11
132,0,19,false,9,12
132,1,9,false,5,7
132,1,10,true,5,8
132,1,13,true,8,10
132,1,17,false,8,11
132,1,19,false,8,11
132,1,20,false,11,13
132,2,11,true,5,8
132,2,17,false,8,12
130,0,10,false,6,7
130,0,17,true,8,11
130,1,13,false,4,8
130,1,15,true,6,10
130,2,20,false,9,12
128,0,15,true,6,11
128,0,17,false,9,12
128,0,19,false,10,13
128,2,9,true,2,6
128,2,13,false,7,10
128,2,15,true,6,10
128,2,17,true,8,12
128,2,17,true,9,12
128,2,19,false,10,13
127,0,10,true,3,6
126,0,9,false,5,7
126,1,9,true,2,6
126,1,13,false,7,9
126,1,17,true,6,10
126,1,20,false,8,12
126,1,20,false,9,12
126,2,11,false,3,7
126,2,11,false,6,8
126,2,15,true,9,9
126,2,17,false,9,11
126,2,19,true,9,11
126,2,20,true,10,13
124,0,11,false,7,7
124,0,20,false,9,12
124,0,20,true,9,12
124,1,11,false,7,7
124,1,19,false,9,13
124,1,19,true,9,12
124,2,10,false,6,7
124,2,13,false,8,10
124,2,13,true,4,8
124,2,13,true,7,10
124,2,15,true,8,11
124,2,17,false,6,10
123,2,20,false,9,13
122,0,9,true,2,6
122,0,13,true,7,9
122,0,17,false,8,11
122,1,11,true,3,7
122,1,15,true,5,9
122,1,15,true,8,10
122,2,10,false,3,7
122,2,10,true,6,7
122,2,13,true,6,9
122,2,17,true,8,11
122,2,20,true,8,12
122,2,20,true,9,12
120,0,11,false,4,8
120,0,15,true,6,10
120,0,17,true,9,11
120,0,19,false,10,12
120,0,19,true,9,13
120,0,20,false,11,14
120,0,20,true,9,13
120,1,13,false,6,9
120,1,13,false,6,10
120,1,13,true,6,10
120,1,17,true,8,11
120,1,19,false,8,13
120,1,19,false,11,13
120,1,19,true,8,13
120,1,20,false,9,13
120,2,11,true,7,7
120,2,11,true,7,9
120,2,15,false,9,11
120,2,17,true,7,11
120,2,17,true,9,11
120,2,19,true,10,11
120,2,20,false,11,13
119,2,10,true,3,6
118,0,10,false,3,7
118,1,9,false,2,6
118,1,11,false,3,7
118,1,11,false,5,8
118,1,11,true,7,7
118,1,13,true,6,9
118,1,15,false,5,9
118,1,15,false,7,10
118,1,19,false,8,12
118,1,20,false,10,12
118,2,10,true,3,7
118,2,19,false,10,11
117,1,10,true,6,8
117,2,10,false,3,6
117,2,10,false,5,6
117,2,10,false,6,8
116,0,13,false,6,10
116,0,13,true,8,10
116,0,15,true,9,9
116,0,19,true,11,13
116,1,10,true,3,7
116,1,13,false,7,10
116,1,15,false,8,11
116,1,20,true,10,12
116,2,19,false,11,13
116,2,19,true,8,13
114,0,15,false,6,10
114,0,15,false,7,10
114,0,19,false,11,11
114,0,20,true,11,13
114,1,17,false,7,11
114,1,20,true,10,13
112,0,9,false,2,6
112,0,13,false,4,8
112,0,15,false,5,9
112,0,19,false,7,11
112,0,19,true,10,12
112,1,13,false,8,11
112,1,13,true,7,9
112,1,19,false,9,12
112,1,19,true,7,11
112,2,15,false,8,10
112,2,19,false,10,12
112,2,20,false,8,12
112,2,20,false,10,12
111,1,10,false,3,6
111,1,10,true,3,6
110,0,15,false,8,9
110,0,15,true,8,10
110,0,17,true,6,10
110,1,10,false,6,7
110,1,15,true,9,9
110,1,17,false,9,11
110,1,19,false,7,11
110,1,20,true,11,12
110,2,7,false,5,6
110,2,11,false,5,8
110,2,15,true,8,10
110,2,17,true,6,10
108,0,11,false,7,9
108,0,15,true,5,9
108,0,20,false,9,13
108,0,20,true,11,14
108,1,10,true,7,9
108,1,13,false,8,8
108,1,15,false,9,11
108,1,17,true,10,10
108,1,19,true,11,13
108,2,15,false,6,10
108,2,17,false,8,11
108,2,19,true,11,13
106,0,7,false,5,5
106,0,11,true,4,8
106,0,11,true,7,7
106,0,20,true,8,12
106,1,11,true,5,8
106,1,17,true,7,11
106,2,13,false,8,8
106,2,19,false,9,12
105,0,20,true,9,11
105,2,20,false,10,11
104,0,10,false,7,9
104,0,13,false,7,10
104,0,15,false,7,11
104,0,17,false,7,12
104,0,17,false,10,12
104,0,19,false,8,13
104,0,19,true,7,11
104,1,7,true,6,7
104,1,9,false,6,7
104,1,17,true,10,12
104,1,19,false,10,13
104,1,20,false,11,12
104,2,15,false,9,9
104,2,19,true,9,13
104,2,20,false,11,12
104,2,20,false,11,14
103,1,20,true,9,11
102,0,17,false,9,11
102,1,19,true,10,12
102,2,13,false,4,8
102,2,19,false,11,11
102,2,20,true,8,13
100,0,15,true,7,10
100,0,19,false,10,14
100,0,19,true,8,12
100,1,15,false,9,9
100,1,15,true,7,11
100,1,19,true,11,11
100,2,15,false,7,11
100,2,17,false,9,12
100,2,17,false,10,12
100,2,19,false,8,12
100,2,19,false,10,14
100,2,20,false,10,14
99,0,10,false,3,6
99,1,20,false,8,13
99,1,20,false,10,11
99,1,20,true,9,13
98,0,7,false,5,6
98,0,13,true,8,9
98,0,20,true,8,11
98,1,7,true,5,6
98,1,9,true,6,6
98,2,7,true,5,5
98,2,15,false,7,10
98,2,17,false,7,11
98,2,20,true,11,12
96,0,10,false,6,8
96,0,13,false,8,9
96,1,13,true,7,10
96,1,15,true,9,11
96,1,17,false,10,12
96,1,17,true,10,11
96,1,19,true,9,13
96,2,10,false,6,6
96,2,10,false,7,9
96,2,17,true,10,12
96,2,19,false,8,13
96,2,19,true,11,12
96,2,20,true,11,13
95,1,10,true,6,6
94,0,11,false,7,8
94,0,13,true,8,8
94,0,15,false,9,9
94,0,19,false,8,12
94,1,17,false,10,10
94,2,20,true,7,12
93,0,20,false,8,13
92,0,7,false,6,7
92,0,9,true,6,7
92,0,11,true,7,9
92,0,15,true,9,10
92,0,15,true,9,11
92,0,19,true,8,13
92,1,7,false,5,6
92,1,11,false,4,8
92,1,11,false,7,8
92,1,11,false,7,9
92,1,13,true,8,9
92,1,15,true,6,11
92,1,19,true,10,13
92,1,20,false,10,14
92,1,20,true,11,14
92,2,11,false,7,7
92,2,11,false,7,9
92,2,11,true,4,8
92,2,13,false,6,10
90,0,7,true,5,5
90,0,17,false,10,10
90,0,19,true,11,11
90,0,20,false,11,12
90,1,7,true,5,5
90,1,13,true,8,8
90,1,15,false,6,10
90,1,17,true,10,14
90,1,19,false,11,11
90,1,20,true,8,13
90,1,20,true,10,11
90,2,11,false,7,8
90,2,15,false,9,10
89,0,20,false,10,11
88,0,7,true,5,6
88,0,17,false,7,11
88,0,17,false,10,11
88,0,20,false,9,14
88,1,15,false,6,11
88,1,19,false,10,12
88,2,7,true,5,6
88,2,9,false,6,7
88,2,15,false,6,11
88,2,17,false,10,10
88,2,19,true,10,12
88,2,20,false,9,14
88,2,20,true,10,14
88,2,20,true,11,14
87,0,10,false,7,8
87,2,10,true,6,8
87,2,20,true,8,11
86,0,13,false,8,8
86,1,11,true,4,8
86,1,11,true,7,8
86,1,20,false,7,12
86,2,7,false,5,5
86,2,9,false,6,6
86,2,11,false,4,8
86,2,17,true,10,10
86,2,20,true,10,11
85,0,20,false,9,11
85,1,10,false,6,6
84,0,10,true,7,9
84,0,15,true,8,12
84,0,17,true,9,12
84,0,20,false,7,12
84,0,20,false,8,12
84,0,20,true,10,11
84,1,11,true,7,9
84,1,13,true,5,9
84,1,17,false,11,12
84,1,20,false,12,13
84,2,9,true,6,7
84,2,17,true,7,12
82,0,9,false,6,6
82,0,11,true,7,8
82,0,15,false,9,10
82,0,17,true,10,10
82,0,19,true,6,11
82,0,20,false,8,11
82,1,7,false,5,5
82,1,17,false,6,11
82,1,17,true,5,10
82,2,11,true,3,7
82,2,17,true,10,11
82,2,19,false,6,11
82,2,20,false,7,12
81,0,20,false,10,13
80,0,10,false,6,6
80,0,15,true,7,11
80,0,17,true,7,12
80,0,17,true,10,13
80,1,13,false,8,9
80,1,13,false,8,10
80,1,15,false,7,11
80,1,19,false,11,12
80,1,20,true,8,11
80,1,20,true,10,14
80,1,20,true,11,15
80,2,7,true,6,7
80,2,9,true,6,6
80,2,9,true,7,8
80,2,13,true,5,9
80,2,15,true,7,11
80,2,17,false,10,11
80,2,19,true,8,12
80,2,19,true,10,14
79,2,20,true,9,11
78,0,15,true,4,9
78,0,20,true,12,13
78,1,17,true,6,11
78,2,20,false,8,13
76,0,10,true,6,6
76,0,15,false,10,11
76,0,15,true,10,11
76,0,17,false,11,12
76,0,19,false,11,13
76,0,20,true,11,12
76,1,7,false,6,7
76,1,19,true,6,11
76,1,19,true,7,12
76,1,20,false,11,14
76,1,20,false,12,12
76,2,7,false,6,7
76,2,15,true,9,11
76,2,19,false,7,12
76,2,19,true,6,11
75,0,20,true,8,13
75,2,10,false,7,8
75,2,20,false,11,15
74,0,13,true,5,9
74,1,9,false,6,6
74,1,20,false,8,11
74,2,10,true,6,6
73,1,20,false,9,11
73,2,20,false,9,11
72,0,7,true,6,7
72,0,9,false,6,7
72,0,9,true,7,8
72,0,19,false,6,11
72,0,19,true,11,12
72,0,20,false,7,11
72,0,20,false,10,14
72,1,10,false,7,9
72,1,15,false,8,12
72,1,15,false,9,10
72,1,15,false,10,12
72,1,19,true,12,14
72,1,20,true,9,14
72,1,20,true,12,14
72,2,13,false,3,8
72,2,15,false,10,11
72,2,19,true,11,15
72,2,20,false,8,11
72,2,20,false,12,13
72,2,20,false,12,14
72,2,20,true,9,14
70,0,13,false,5,9
70,0,19,false,7,12
70,0,20,true,7,12
70,1,15,false,4,9
70,1,15,true,4,9
70,2,11,true,7,8
70,2,19,false,11,12
70,2,20,true,11,15
69,2,20,false,11,11
68,0,9,true,6,6
68,0,19,true,7,12
68,0,20,true,10,14
68,1,9,true,6,7
68,1,17,false,10,11
68,1,17,false,10,13
68,1,19,false,7,12
68,1,19,true,10,14
68,1,19,true,12,13
68,2,11,false,8,10
68,2,13,false,8,9
68,2,13,false,8,11
68,2,13,false,9,10
68,2,13,true,9,10
68,2,15,true,6,11
68,2,19,true,11,11
68,2,20,true,12,14
66,0,10,true,7,8
66,0,17,true,6,11
66,0,20,true,7,13
66,1,10,false,7,8
66,1,15,true,5,10
66,1,20,true,7,12
66,2,17,false,5,10
66,2,17,true,5,10
65,1,20,false,11,11
65,1,20,true,7,11
64,0,13,true,3,8
64,0,13,true,8,11
64,0,15,false,8,12
64,0,17,true,5,10
64,0,17,true,11,12
64,0,19,false,9,13
64,0,19,false,12,13
64,1,11,false,8,9
64,1,15,true,9,10
64,1,17,false,5,10
64,1,17,false,7,12
64,1,19,false,12,13
64,2,13,false,5,9
64,2,13,true,8,8
64,2,17,true,10,13
63,0,20,false,7,13
63,2,10,false,2,6
63,2,10,true,7,8
63,2,20,true,12,13
62,0,13,false,3,8
62,0,17,true,10,11
62,1,15,false,5,10
62,1,17,false,11,10
62,1,19,true,11,12
62,2,13,true,4,9
62,2,15,true,9,10
60,0,11,false,8,10
60,0,13,false,8,11
60,0,17,false,5,10
60,0,17,false,10,13
60,0,17,true,8,13
60,0,17,true,10,14
60,0,20,false,12,13
60,0,20,false,12,14
60,0,20,true,11,15
60,1,10,true,7,8
60,1,11,true,8,9
60,1,19,true,12,15
60,1,20,false,7,13
60,1,20,true,12,12
60,1,20,true,12,13
60,2,15,false,9,12
60,2,17,false,6,11
60,2,17,false,10,13
60,2,17,false,10,14
60,2,17,true,11,12
60,2,20,false,12,12
58,0,17,false,6,11
58,0,20,false,12,12
58,0,20,true,12,12
58,1,13,true,3,8
58,1,20,true,11,11
58,2,19,true,12,12
57,2,20,true,7,13
56,0,11,true,2,7
56,0,11,true,8,9
56,0,19,true,10,14
56,0,19,true,11,14
56,1,13,false,5,9
56,1,15,true,8,12
56,1,19,false,13,13
56,1,20,false,12,14
56,2,10,true,7,9
56,2,11,true,8,10
56,2,13,true,8,11
56,2,15,false,4,9
56,2,15,false,8,12
56,2,15,true,4,9
56,2,15,true,5,10
56,2,15,true,8,12
56,2,17,true,6,11
55,0,20,true,12,15
55,1,10,false,2,6
55,1,20,true,13,15
54,0,15,false,5,10
54,0,19,false,11,12
54,0,19,true,12,11
54,0,20,false,13,13
54,1,13,true,9,8
54,1,13,true,10,12
54,1,20,true,13,16
54,2,13,true,8,9
54,2,19,true,12,15
53,0,20,false,11,11
53,0,20,true,7,11
52,0,15,false,6,11
52,0,15,true,10,12
52,0,19,false,12,11
52,0,19,true,13,13
52,0,20,false,13,14
52,1,15,true,10,11
52,1,19,false,6,12
52,1,19,false,12,14
52,2,11,true,8,9
52,2,13,false,9,9
52,2,13,true,3,8
52,2,17,false,8,13
52,2,17,false,11,10
52,2,19,false,12,13
52,2,19,true,9,14
52,2,19,true,11,14
52,2,19,true,12,11
52,2,19,true,12,13
52,2,20,true,7,11
52,2,20,true,12,12
51,1,10,true,2,6
51,2,10,true,2,6
51,2,20,true,11,11
50,0,10,true,2,6
50,0,17,false,11,10
50,0,20,false,11,15
50,0,20,true,12,11
50,0,20,true,13,15
50,1,17,true,11,11
50,2,11,true,2,7
50,2,17,true,11,10
50,2,20,false,12,15
50,2,20,true,12,15
49,1,20,false,7,11
49,2,20,false,7,11
48,0,15,true,10,10
48,0,17,false,8,13
48,0,17,true,11,10
48,0,19,false,11,14
48,0,20,true,9,14
48,0,20,true,12,14
48,0,20,true,13,14
48,1,13,false,3,8
48,1,13,false,9,8
48,1,13,false,9,10
48,1,17,true,10,13
48,1,17,true,11,12
48,1,17,true,12,12
48,1,19,false,6,11
48,1,19,false,10,14
48,1,19,true,10,15
48,2,11,false,8,9
48,2,17,false,7,12
48,2,17,false,11,11
48,2,17,true,10,14
48,2,19,false,10,15
48,2,19,false,11,15
48,2,19,true,10,15
48,2,20,true,13,14
47,0,20,true,11,11
46,0,13,true,4,9
46,0,15,true,10,9
46,1,10,true,7,7
46,1,17,true,11,10
46,2,13,false,4,9
46,2,19,true,7,12
45,1,20,false,13,15
45,1,20,true,7,13
45,1,20,true,12,15
44,0,11,false,2,7
44,0,11,false,8,9
44,0,11,true,8,10
44,0,13,false,4,9
44,0,17,false,12,12
44,0,19,false,5,11
44,0,19,true,12,13
44,0,19,true,12,14
44,0,20,false,8,14
44,1,11,true,8,10
44,1,13,true,8,11
44,1,15,false,9,12
44,1,15,false,10,11
44,1,17,true,9,13
44,1,19,false,7,13
44,1,19,true,13,13
44,1,20,false,9,14
44,2,13,false,9,11
44,2,15,false,5,10
44,2,17,false,9,13
44,2,17,true,6,12
44,2,19,false,7,13
44,2,19,true,12,14
44,2,20,false,13,14
42,0,10,false,2,6
42,0,10,true,7,7
42,0,13,false,10,12
42,0,15,false,10,13
42,0,19,false,10,15
42,0,19,true,5,11
42,1,11,false,2,7
42,1,13,false,10,12
42,1,17,true,12,14
42,1,19,false,11,15
42,1,20,true,13,13
42,2,11,false,2,7
42,2,13,true,10,12
42,2,15,false,10,9
42,2,17,false,12,14
42,2,19,false,12,12
42,2,20,false,7,13
42,2,20,false,13,13
42,2,20,true,11,16
41,1,20,false,6,11
40,0,9,false,8,9
40,0,13,false,9,8
40,0,13,false,9,10
40,0,15,false,10,9
40,0,15,false,10,10
40,0,15,true,5,10
40,0,17,false,11,11
40,0,19,false,7,13
40,0,20,false,7,14
40,0,20,false,10,15
40,0,20,false,13,12
40,0,20,true,6,11
40,0,20,true,10,15
40,1,9,false,7,8
40,1,10,false,7,7
40,1,11,true,2,7
40,1,13,true,4,9
40,1,13,true,9,10
40,1,15,true,10,10
40,1,17,true,7,12
40,1,17,true,8,13
40,1,19,true,11,14
40,1,20,false,11,15
40,1,20,false,12,15
40,2,17,false,6,12
40,2,17,false,11,12
40,2,17,true,11,13
40,2,19,true,5,11
40,2,19,true,13,13
40,2,20,false,13,15
40,2,20,true,13,15
39,1,20,false,13,13
39,1,20,true,12,11
38,0,13,true,9,8
38,0,17,true,4,10
38,0,17,true,11,11
38,0,19,true,6,12
38,1,15,false,10,10
38,1,19,true,12,12
38,1,20,true,6,12
38,2,11,true,8,8
38,2,15,true,10,9
38,2,17,true,11,11
38,2,19,false,12,11
38,2,20,false,6,11
38,2,20,false,12,11
38,2,20,true,6,12
36,0,9,false,7,8
36,0,10,false,7,7
36,0,11,false,8,7
36,0,13,false,9,11
36,0,13,true,9,9
36,0,15,true,9,12
36,0,17,false,10,14
36,0,17,true,12,12
36,0,17,true,12,13
36,0,19,false,12,14
36,0,19,true,12,12
36,0,19,true,12,15
36,0,20,true,13,13
36,1,9,true,7,8
36,1,10,true,8,9
36,1,13,true,9,9
36,1,15,true,10,9
36,1,17,false,4,10
36,1,17,false,10,14
36,1,17,true,11,14
36,1,19,false,5,11
36,1,19,false,6,13
36,1,19,false,11,14
36,1,19,false,12,11
36,1,19,true,12,11
36,1,20,true,8,14
36,1,20,true,11,16
36,2,9,false,7,7
36,2,10,true,7,7
36,2,13,true,9,9
36,2,15,false,10,12
36,2,15,true,11,13
36,2,17,false,11,13
36,2,17,true,9,13
36,2,19,false,9,14
36,2,19,false,12,15
36,2,19,true,7,13
36,2,19,true,13,15
36,2,20,true,12,16
36,2,20,true,13,13
35,0,20,false,9,15
35,1,20,false,9,15
35,1,20,false,10,15
35,2,20,false,9,15
35,2,20,true,9,15
34,0,17,false,4,10
34,0,19,false,6,12
34,0,20,true,6,12
34,1,11,false,8,8
34,1,11,true,8,7
34,1,15,false,4,10
34,1,15,false,10,9
34,1,20,true,6,11
34,2,10,false,7,7
34,2,11,false,8,8
34,2,15,true,10,10
34,2,19,false,6,12
34,2,20,true,12,11
33,1,20,false,12,11
32,0,15,false,4,9
32,0,15,false,9,12
32,0,15,false,10,12
32,0,15,false,11,11
32,0,17,false,6,12
32,0,17,false,9,13
32,0,17,false,11,13
32,0,17,true,6,12
32,0,17,true,11,13
32,0,19,false,6,13
32,0,19,false,8,14
32,0,19,true,8,14
32,0,19,true,13,11
32,0,20,true,13,12
32,1,11,false,8,10
32,1,11,true,8,8
32,1,13,false,9,11
32,1,13,false,10,11
32,1,17,false,8,13
32,1,17,true,11,13
32,1,19,true,6,12
32,1,20,false,6,12
32,1,20,false,8,14
32,1,20,false,13,14
32,1,20,true,13,14
32,2,9,false,7,8
32,2,15,false,11,11
32,2,17,false,12,13
32,2,19,false,5,11
32,2,19,true,6,12
32,2,19,true,6,13
31,0,20,false,12,11
30,0,9,false,7,7
30,0,10,true,9,10
30,0,17,false,11,14
30,0,17,true,5,11
30,0,17,true,11,14
30,0,19,false,11,15
30,0,19,true,10,15
30,0,19,true,11,15
30,0,20,false,6,12
30,0,20,false,13,15
30,0,20,false,13,16
30,0,20,true,9,15
30,0,20,true,13,16
30,1,15,true,10,13
30,1,17,false,11,14
30,1,19,false,12,15
30,1,19,false,13,12
30,1,19,true,13,15
30,1,20,false,13,16
30,2,13,true,9,8
30,2,15,false,4,10
30,2,15,false,10,10
30,2,15,true,10,13
30,2,20,true,13,16
28,0,10,false,8,9
28,0,13,true,9,11
28,0,17,true,9,13
28,0,19,false,9,14
28,0,19,false,13,13
28,0,19,true,9,14
28,0,20,false,14,14
28,0,20,true,8,14
28,0,20,true,14,14
28,1,15,true,4,10
28,1,15,true,11,11
28,1,15,true,11,12
28,1,17,true,4,10
28,1,17,true,6,12
28,1,19,false,12,12
28,1,19,false,13,14
28,1,19,true,5,11
28,1,19,true,7,13
28,1,20,true,14,14
28,2,9,false,7,6
28,2,10,false,7,6
28,2,11,true,8,7
28,2,13,false,9,8
28,2,15,true,10,11
28,2,17,false,12,12
28,2,19,false,8,14
28,2,19,false,12,14
28,2,20,false,6,12
28,2,20,false,8,14
28,2,20,false,13,12
28,2,20,true,8,14
27,0,20,false,6,11
27,1,20,false,6,13
27,2,20,true,6,11
27,2,20,true,6,13
26,0,9,true,7,7
26,0,10,false,7,6
26,0,15,false,4,10
26,0,19,false,12,12
26,0,20,true,5,11
26,1,9,true,7,7
26,1,13,false,4,9
26,1,13,false,9,9
26,1,17,false,11,11
26,2,9,true,7,6
26,2,17,true,4,10
25,0,10,false,9,10
25,0,20,true,14,15
25,1,10,true,9,10
25,2,20,false,10,15
24,0,9,true,8,9
24,0,10,false,8,7
24,0,11,true,8,7
24,0,13,true,10,11
24,0,13,true,10,12
24,0,17,false,12,13
24,0,19,false,12,15
24,0,19,false,13,11
24,0,19,false,13,15
24,0,20,true,7,14
24,0,20,true,12,16
24,1,10,false,7,6
24,1,10,false,8,9
24,1,15,false,10,13
24,1,15,false,11,13
24,1,15,true,3,9
24,1,15,true,9,12
24,1,15,true,10,12
24,1,17,false,6,12
24,1,17,false,9,13
24,1,17,false,11,13
24,1,17,true,12,10
24,1,19,false,9,14
24,1,19,true,8,14
24,1,19,true,13,14
24,2,9,true,8,9
24,2,13,true,9,11
24,2,15,false,10,13
24,2,15,true,9,12
24,2,15,true,11,12
24,2,17,false,5,11
24,2,17,true,12,14
24,2,17,true,12,15
24,2,19,false,11,14
24,2,19,false,13,13
24,2,19,false,13,14
24,2,19,true,14,14
24,2,20,false,6,13
24,2,20,false,7,14
24,2,20,false,12,16
22,0,15,false,11,9
22,0,17,true,12,10
22,1,13,true,2,8
22,1,15,false,3,9
22,1,17,true,5,11
22,1,19,false,5,12
22,2,15,false,11,10
22,2,17,false,4,10
22,2,19,false,13,12
22,2,20,true,5,12
21,0,10,true,7,6
21,1,20,false,5,11
21,1,20,true,13,17
21,1,20,true,15,17
21,2,20,false,14,13
20,0,9,false,7,6
20,0,11,false,9,9
20,0,13,false,9,9
20,0,13,true,9,10
20,0,15,true,3,9
20,0,15,true,4,10
20,0,19,false,4,11
20,0,19,false,13,12
20,0,19,true,7,13
20,1,9,false,7,6
20,1,9,true,8,9
20,1,11,true,9,10
20,1,13,true,9,11
20,1,13,true,10,9
20,1,15,true,11,10
20,1,17,false,5,11
20,1,17,false,12,12
20,1,17,true,12,11
20,1,19,false,14,14
20,1,19,true,9,14
20,1,20,false,14,14
20,2,10,true,9,10
20,2,13,false,10,11
20,2,13,true,2,8
20,2,15,false,11,9
20,2,15,true,3,9
20,2,15,true,10,12
20,2,17,true,12,12
20,2,17,true,12,13
20,2,19,false,4,11
20,2,19,true,13,14
20,2,20,false,5,12
20,2,20,true,10,15
20,2,20,true,14,14
19,2,10,true,7,6
18,0,10,false,8,8
18,0,11,true,8,8
18,0,15,false,11,10
18,0,15,false,11,13
18,0,17,false,5,11
18,0,17,false,12,15
18,0,17,true,12,14
18,0,19,true,13,12
18,0,20,false,11,16
18,0,20,false,12,16
18,0,20,false,14,16
18,0,20,true,14,12
18,0,20,true,14,13
18,0,20,true,14,16
18,1,9,true,7,6
18,1,10,false,8,8
18,1,10,true,1,6
18,1,10,true,8,8
18,1,17,false,12,10
18,1,17,false,12,11
18,1,17,true,12,15
18,1,19,false,10,15
18,1,19,false,12,16
18,1,19,true,11,15
18,1,19,true,13,11
18,1,19,true,14,15
18,1,20,false,11,16
18,1,20,false,12,16
18,1,20,true,13,12
18,2,9,true,7,7
18,2,10,true,1,6
18,2,11,false,8,7
18,2,13,false,10,12
18,2,17,false,12,15
18,2,17,true,11,14
18,2,19,false,13,11
18,2,19,false,13,15
18,2,19,true,13,11
18,2,19,true,13,12
18,2,20,false,11,16
18,2,20,false,14,12
18,2,20,true,14,16
17,0,20,false,13,11
17,2,20,true,5,11
16,0,10,false,1,6
16,0,10,true,8,7
16,0,11,false,8,8
16,0,11,true,9,9
16,0,13,true,10,10
16,0,15,true,11,11
16,0,15,true,11,12
16,0,15,true,12,12
16,0,17,false,13,12
16,0,19,false,5,12
16,0,19,false,14,14
16,0,19,false,14,17
16,0,19,true,6,13
16,0,19,true,13,14
16,0,19,true,14,14
16,0,19,true,14,17
16,0,20,false,5,12
16,1,9,false,8,9
16,1,10,false,8,7
16,1,13,false,10,10
16,1,13,true,10,10
16,1,15,false,11,9
16,1,15,false,11,12
16,1,15,true,11,9
16,1,17,true,12,13
16,1,19,false,14,17
16,1,19,true,6,13
16,1,20,false,7,14
16,1,20,false,13,12
16,1,20,true,7,14
16,2,11,false,9,10
16,2,13,false,10,10
16,2,13,true,10,11
16,2,15,true,11,11
16,2,17,true,8,13
16,2,19,false,14,13
16,2,19,true,8,14
16,2,19,true,14,17
16,2,20,false,13,11
16,2,20,false,14,14
16,2,20,true,7,14
16,2,20,true,14,12
16,2,20,true,16,18
15,0,20,false,6,13
15,0,20,false,14,13
15,0,20,true,13,11
15,1,10,true,7,6
15,1,20,false,14,15
15,1,20,true,9,15
15,1,20,true,10,15
15,2,10,false,9,10
15,2,20,false,14,15
15,2,20,true,14,13
14,0,15,true,11,10
14,0,20,false,5,11
14,0,20,true,14,17
14,1,9,false,7,7
14,1,17,true,13,11
14,1,19,true,13,12
14,1,20,false,5,12
14,1,20,false,14,12
14,1,20,true,5,12
14,1,20,true,14,17
14,2,13,false,2,8
14,2,15,false,3,9
14,2,17,false,12,11
14,2,20,false,5,11
14,2,20,false,13,17
14,2,20,true,13,11
14,2,20,true,13,12
13,1,20,false,13,11
13,1,20,true,13,11
13,2,10,false,1,6
12,0,9,true,7,6
12,0,10,true,8,8
12,0,10,true,8,9
12,0,11,true,10,11
12,0,13,false,10,10
12,0,13,false,10,11
12,0,13,false,12,13
12,0,13,true,2,8
12,0,13,true,11,12
12,0,15,false,3,9
12,0,15,false,12,13
12,0,15,true,10,13
12,0,15,true,11,9
12,0,17,false,4,11
12,0,17,false,14,14
12,0,17,true,13,13
12,0,19,false,13,14
12,0,19,false,14,13
12,0,19,false,14,15
12,0,19,true,12,16
12,0,19,true,14,16
12,0,20,true,15,14
12,1,10,false,1,6
12,1,11,false,8,7
12,1,11,true,10,11
12,1,13,false,10,8
12,1,13,false,11,12
12,1,13,true,10,11
12,1,15,false,11,11
12,1,15,false,12,14
12,1,17,false,12,13
12,1,17,false,12,14
12,1,17,true,13,13
12,1,19,false,14,15
12,1,19,true,4,12
12,1,19,true,13,16
12,1,19,true,14,16
12,1,20,false,14,16
12,1,20,false,15,14
12,1,20,true,5,11
12,2,9,false,8,9
12,2,10,false,8,7
12,2,10,false,8,8
12,2,10,false,8,9
12,2,10,true,8,9
12,2,11,false,10,11
12,2,11,true,10,11
12,2,13,false,10,9
12,2,13,true,10,8
12,2,13,true,10,9
12,2,13,true,10,10
12,2,13,true,11,12
12,2,15,true,11,9
12,2,17,false,11,14
12,2,17,true,5,11
12,2,17,true,12,10
12,2,17,true,12,11
12,2,19,false,5,12
12,2,19,false,14,14
12,2,19,true,14,16
12,2,19,true,15,16
12,2,20,false,5,13
12,2,20,false,13,16
12,2,20,false,14,16
10,0,11,true,9,8
10,0,15,true,2,9
10,0,17,false,12,10
10,0,17,true,4,11
10,0,17,true,13,10
10,0,19,true,4,11
10,0,20,false,12,15
10,0,20,false,14,11
10,0,20,true,5,12
10,1,11,false,9,7
10,1,13,false,10,9
10,1,13,true,10,8
10,1,17,true,13,10
10,1,20,true,16,15
10,2,11,false,9,7
10,2,13,false,10,8
10,2,15,false,2,9
10,2,15,true,4,10
10,2,15,true,11,10
10,2,20,true,14,11
10,2,20,true,14,15
9,0,10,true,1,6
9,0,20,true,5,13
9,0,20,true,14,11
9,1,20,true,6,13
8,0,11,false,9,10
8,0,13,false,2,8
8,0,13,true,10,8
8,0,15,false,12,11
8,0,17,false,3,10
8,0,17,false,12,11
8,0,17,false,14,16
8,0,17,true,16,17
8,0,19,true,5,12
8,0,20,false,14,12
8,0,20,true,15,12
8,0,20,true,16,18
8,1,10,true,8,7
8,1,11,false,9,10
8,1,11,true,9,7
8,1,11,true,9,8
8,1,13,true,11,10
8,1,15,false,11,10
8,1,15,true,2,9
8,1,17,false,13,13
8,1,17,true,13,12
8,1,17,true,14,16
8,1,19,false,4,11
8,1,19,false,8,14
8,1,19,false,13,11
8,1,19,true,4,11
8,1,19,true,5,12
8,1,19,true,15,13
8,1,20,false,15,12
8,1,20,true,14,12
8,1,20,true,18,18
8,2,11,false,9,8
8,2,11,false,9,9
8,2,11,true,9,7
8,2,15,false,11,12
8,2,15,false,12,12
8,2,17,false,4,11
8,2,17,false,12,10
8,2,17,false,13,12
8,2,17,true,3,10
8,2,17,true,13,13
8,2,17,true,14,13
8,2,19,false,6,13
8,2,19,false,14,12
8,2,19,true,14,11
8,2,19,true,14,13
8,2,19,true,15,13
8,2,19,true,16,18
7,0,20,false,4,11
7,0,20,false,15,17
7,0,20,false,16,17
7,0,20,true,13,17
7,1,10,true,8,6
7,1,20,false,13,17
7,1,20,false,16,17
7,1,20,true,16,17
7,2,10,true,8,6
7,2,20,false,14,17
7,2,20,false,17,17
7,2,20,true,13,17
6,0,11,true,9,7
6,0,13,true,10,9
6,0,15,true,11,13
6,0,17,false,13,14
6,0,17,false,13,15
6,0,17,true,3,10
6,0,17,true,12,11
6,0,17,true,12,15
6,0,17,true,13,11
6,0,19,false,12,16
6,0,19,false,14,11
6,0,19,false,14,16
6,0,19,false,16,15
6,0,19,true,13,15
6,0,19,true,13,16
6,0,19,true,14,11
6,0,19,true,14,15
6,0,20,false,17,16
6,0,20,true,6,13
6,1,13,false,2,8
6,1,13,true,11,12
6,1,15,true,11,13
6,1,15,true,12,13
6,1,17,false,12,15
6,1,17,false,13,10
6,1,17,false,13,14
6,1,17,false,14,14
6,1,17,false,15,15
6,1,17,true,3,10
6,1,17,true,4,11
6,1,17,true,13,14
6,1,17,true,13,15
6,1,19,false,13,15
6,1,19,false,14,12
6,1,19,true,12,16
6,1,19,true,14,12
6,1,20,false,14,13
6,1,20,true,4,11
6,1,20,true,5,13
6,1,20,true,12,16
6,1,20,true,14,13
6,1,20,true,14,16
6,1,20,true,15,13
6,2,10,false,8,6
6,2,10,true,8,8
6,2,11,true,9,8
6,2,13,true,12,13
6,2,15,false,12,13
6,2,15,false,12,14
6,2,15,false,13,13
6,2,15,true,12,10
6,2,15,true,12,13
6,2,17,false,3,10
6,2,17,false,13,15
6,2,17,false,14,14
6,2,17,true,4,11
6,2,17,true,13,10
6,2,19,false,13,16
6,2,19,false,14,15
6,2,19,true,4,11
6,2,19,true,12,16
6,2,19,true,14,15
6,2,20,false,15,13
6,2,20,false,15,16
5,0,20,false,14,15
5,0,20,false,16,15
5,1,10,false,9,10
5,1,20,false,14,11
5,1,20,true,14,15
5,2,20,true,4,11
4,0,10,false,8,6
4,0,11,true,9,10
4,0,13,false,10,9
4,0,13,false,11,11
4,0,13,true,11,11
4,0,15,false,2,9
4,0,15,false,11,12
4,0,15,false,12,10
4,0,15,false,13,11
4,0,15,true,12,11
4,0,15,true,13,9
4,0,17,false,13,11
4,0,17,false,13,13
4,0,17,true,13,12
4,0,19,false,14,12
4,0,19,false,15,11
4,0,19,false,15,14
4,0,19,false,16,13
4,0,19,false,16,14
4,0,19,true,4,12
4,0,19,true,14,12
4,0,19,true,15,14
4,0,20,false,15,14
4,0,20,true,4,11
4,1,10,false,8,6
4,1,11,true,9,9
4,1,13,true,11,11
4,1,15,false,12,9
4,1,15,false,12,12
4,1,15,true,12,12
4,1,17,false,4,11
4,1,17,false,13,11
4,1,17,false,14,13
4,1,17,true,2,10
4,1,19,false,4,12
4,1,19,false,14,11
4,1,19,false,14,13
4,1,19,false,15,14
4,1,19,true,14,11
4,1,19,true,15,12
4,1,20,false,4,11
4,1,20,false,4,12
4,1,20,false,15,11
4,2,11,true,9,9
4,2,11,true,9,10
4,2,13,false,11,10
4,2,13,true,11,10
4,2,13,true,11,11
4,2,15,false,12,10
4,2,15,false,12,11
4,2,15,false,13,11
4,2,15,true,2,9
4,2,17,false,13,10
4,2,17,true,2,10
4,2,17,true,13,11
4,2,17,true,13,12
4,2,17,true,14,12
4,2,17,true,15,12
4,2,19,false,3,11
4,2,19,false,14,11
4,2,19,false,15,14
4,2,19,true,4,12
4,2,19,true,5,12
4,2,19,true,16,13
4,2,20,false,4,11
4,2,20,false,14,11
4,2,20,false,16,14
4,2,20,true,4,12
4,2,20,true,15,12
4,2,20,true,15,14
3,0,10,true,8,6
3,0,20,false,5,13
3,0,20,false,15,13
3,0,20,true,15,11
3,0,20,true,15,13
3,1,20,false,3,11
3,1,20,false,5,13
3,1,20,true,14,11
3,2,20,true,15,13
3,2,20,true,16,13
2,0,11,false,9,7
2,0,11,false,9,8
2,0,13,false,10,8
2,0,13,false,11,9
2,0,15,false,12,9
2,0,15,true,12,9
2,0,15,true,12,10
2,0,17,false,13,10
2,0,17,false,14,10
2,0,17,true,2,10
2,0,17,true,14,10
2,0,19,false,3,11
2,0,19,false,4,12
2,0,19,true,15,12
2,0,20,false,4,12
2,0,20,false,16,12
2,0,20,true,3,12
2,1,11,false,9,8
2,1,13,false,11,8
2,1,13,true,11,8
2,1,15,false,2,9
2,1,15,true,12,10
2,1,15,true,13,9
2,1,17,false,2,10
2,1,17,false,3,10
2,1,19,false,2,11
2,1,19,false,15,11
2,1,19,true,3,11
2,1,20,false,3,12
2,1,20,false,16,12
2,1,20,true,15,12
2,1,20,true,16,12
2,2,10,true,8,7
2,2,13,false,11,9
2,2,13,true,11,8
2,2,15,false,12,9
2,2,15,true,13,10
2,2,17,false,14,10
2,2,17,true,14,11
2,2,19,false,2,11
2,2,19,false,4,12
2,2,19,false,15,12
2,2,19,false,16,11
2,2,19,false,16,12
2,2,19,true,14,12
2,2,19,true,15,11
2,2,20,false,15,12
2,2,20,true,3,12
2,2,20,true,16,11
1,0,20,false,15,11
1,0,20,true,16,11
1,1,20,true,2,11
1,1,20,true,3,11
1,1,20,true,15,11
1,2,20,false,3,11
1,2,20,false,15,11
1,2,20,false,16,11
1,2,20,true,2,11
0,0,5,false,0,2
0,0,5,false,0,3
0,0,5,false,1,2
0,0,5,false,1,3
0,0,5,false,2,2
0,0,5,false,2,3
0,0,5,false,3,2
0,0,5,false,3,3
0,0,5,true,0,2
0,0,5,true,0,3
0,0,5,true,1,2
0,0,5,true,1,3
0,0,5,true,2,2
0,0,5,true,2,3
0,0,5,true,3,2
0,0,5,true,3,3
0,0,7,false,0,3
0,0,7,false,0,4
0,0,7,false,1,3
0,0,7,false,1,4
0,0,7,false,2,3
0,0,7,false,2,4
0,0,7,false,3,3
0,0,7,false,3,4
0,0,7,false,4,3
0,0,7,false,4,4
0,0,7,false,5,3
0,0,7,false,5,4
0,0,7,true,0,3
0,0,7,true,0,4
0,0,7,true,1,3
0,0,7,true,1,4
0,0,7,true,2,3
0,0,7,true,2,4
0,0,7,true,3,3
0,0,7,true,3,4
0,0,7,true,4,3
0,0,7,true,4,4
0,0,7,true,5,3
0,0,7,true,5,4
0,0,9,false,0,4
0,0,9,false,0,5
0,0,9,false,1,4
0,0,9,false,1,5
0,0,9,false,2,4
0,0,9,false,2,5
0,0,9,false,3,4
0,0,9,false,3,5
0,0,9,false,4,4
0,0,9,false,4,5
0,0,9,false,5,4
0,0,9,false,5,5
0,0,9,false,6,4
0,0,9,false,6,5
0,0,9,false,7,4
0,0,9,false,7,5
0,0,9,true,0,4
0,0,9,true,0,5
0,0,9,true,1,4
0,0,9,true,1,5
0,0,9,true,2,4
0,0,9,true,2,5
0,0,9,true,3,4
0,0,9,true,3,5
0,0,9,true,4,4
0,0,9,true,4,5
0,0,9,true,5,4
0,0,9,true,5,5
0,0,9,true,6,4
0,0,9,true,6,5
0,0,9,true,7,4
0,0,9,true,7,5
0,0,10,false,0,5
0,0,10,false,1,5
0,0,10,false,2,5
0,0,10,false,3,5
0,0,10,false,4,5
0,0,10,false,5,5
0,0,10,false,6,5
0,0,10,false,7,5
0,0,10,false,8,5
0,0,10,true,0,5
0,0,10,true,1,5
0,0,10,true,2,5
0,0,10,true,3,5
0,0,10,true,4,5
0,0,10,true,5,5
0,0,10,true,6,5
0,0,10,true,7,5
0,0,10,true,8,5
0,0,11,false,0,5
0,0,11,false,0,6
0,0,11,false,1,5
0,0,11,false,1,6
0,0,11,false,2,5
0,0,11,false,2,6
0,0,11,false,3,5
0,0,11,false,3,6
0,0,11,false,4,5
0,0,11,false,4,6
0,0,11,false,5,5
0,0,11,false,5,6
0,0,11,false,6,5
0,0,11,false,6,6
0,0,11,false,7,5
0,0,11,false,7,6
0,0,11,false,8,5
0,0,11,false,8,6
0,0,11,false,9,5
0,0,11,false,9,6
0,0,11,true,0,6
0,0,11,true,1,5
0,0,11,true,1,6
0,0,11,true,2,5
0,0,11,true,2,6
0,0,11,true,3,5
0,0,11,true,3,6
0,0,11,true,4,5
0,0,11,true,4,6
0,0,11,true,5,5
0,0,11,true,5,6
0,0,11,true,6,5
0,0,11,true,6,6
0,0,11,true,7,5
0,0,11,true,7,6
0,0,11,true,8,5
0,0,11,true,8,6
0,0,11,true,9,5
0,0,11,true,9,6
0,0,13,false,0,6
0,0,13,false,1,6
0,0,13,false,1,7
0,0,13,false,2,6
0,0,13,false,2,7
0,0,13,false,3,6
0,0,13,false,3,7
0,0,13,false,4,6
0,0,13,false,4,7
0,0,13,false,5,6
0,0,13,false,5,7
0,0,13,false,6,6
0,0,13,false,6,7
0,0,13,false,7,6
0,0,13,false,7,7
0,0,13,false,8,6
0,0,13,false,8,7
0,0,13,false,9,6
0,0,13,false,9,7
0,0,13,false,10,6
0,0,13,false,10,7
0,0,13,false,11,7
0,0,13,true,0,7
0,0,13,true,1,6
0,0,13,true,1,7
0,0,13,true,2,6
0,0,13,true,2,7
0,0,13,true,3,6
0,0,13,true,3,7
0,0,13,true,4,6
0,0,13,true,4,7
0,0,13,true,5,6
0,0,13,true,5,7
0,0,13,true,6,6
0,0,13,true,6,7
0,0,13,true,7,6
0,0,13,true,7,7
0,0,13,true,8,6
0,0,13,true,8,7
0,0,13,true,9,6
0,0,13,true,9,7
0,0,13,true,10,6
0,0,13,true,10,7
0,0,13,true,11,7
0,0,15,false,0,8
0,0,15,false,2,7
0,0,15,false,2,8
0,0,15,false,3,7
0,0,15,false,3,8
0,0,15,false,4,7
0,0,15,false,4,8
0,0,15,false,5,7
0,0,15,false,5,8
0,0,15,false,6,7
0,0,15,false,6,8
0,0,15,false,7,7
0,0,15,false,7,8
0,0,15,false,8,7
0,0,15,false,8,8
0,0,15,false,9,7
0,0,15,false,9,8
0,0,15,false,10,7
0,0,15,false,10,8
0,0,15,false,11,7
0,0,15,false,11,8
0,0,15,false,12,7
0,0,15,false,13,7
0,0,15,false,13,8
0,0,15,true,1,7
0,0,15,true,1,8
0,0,15,true,2,7
0,0,15,true,2,8
0,0,15,true,3,7
0,0,15,true,3,8
0,0,15,true,4,7
0,0,15,true,4,8
0,0,15,true,5,7
0,0,15,true,5,8
0,0,15,true,6,7
0,0,15,true,6,8
0,0,15,true,7,7
0,0,15,true,7,8
0,0,15,true,8,7
0,0,15,true,8,8
0,0,15,true,9,7
0,0,15,true,9,8
0,0,15,true,10,7
0,0,15,true,10,8
0,0,15,true,11,7
0,0,15,true,11,8
0,0,17,false,2,8
0,0,17,false,2,9
0,0,17,false,3,8
0,0,17,false,3,9
0,0,17,false,4,8
0,0,17,false,4,9
0,0,17,false,5,8
0,0,17,false,5,9
0,0,17,false,6,8
0,0,17,false,6,9
0,0,17,false,7,8
0,0,17,false,7,9
0,0,17,false,8,8
0,0,17,false,8,9
0,0,17,false,9,8
0,0,17,false,9,9
0,0,17,false,10,8
0,0,17,false,10,9
0,0,17,false,11,8
0,0,17,false,11,9
0,0,17,false,12,8
0,0,17,false,12,9
0,0,17,false,13,8
0,0,17,false,13,9
0,0,17,true,1,9
0,0,17,true,2,8
0,0,17,true,2,9
0,0,17,true,3,8
0,0,17,true,3,9
0,0,17,true,4,8
0,0,17,true,4,9
0,0,17,true,5,8
0,0,17,true,5,9
0,0,17,true,6,8
0,0,17,true,6,9
0,0,17,true,7,8
0,0,17,true,7,9
0,0,17,true,8,8
0,0,17,true,8,9
0,0,17,true,9,8
0,0,17,true,9,9
0,0,17,true,10,8
0,0,17,true,10,9
0,0,17,true,11,8
0,0,17,true,11,9
0,0,17,true,12,8
0,0,17,true,12,9
0,0,17,true,13,8
0,0,17,true,13,9
0,0,17,true,14,8
0,0,19,false,2,10
0,0,19,false,3,9
0,0,19,false,3,10
0,0,19,false,4,9
0,0,19,false,4,10
0,0,19,false,5,9
0,0,19,false,5,10
0,0,19,false,6,9
0,0,19,false,6,10
0,0,19,false,7,9
0,0,19,false,7,10
0,0,19,false,8,9
0,0,19,false,8,10
0,0,19,false,9,9
0,0,19,false,9,10
0,0,19,false,10,9
0,0,19,false,10,10
0,0,19,false,11,9
0,0,19,false,11,10
0,0,19,false,12,9
0,0,19,false,12,10
0,0,19,false,13,9
0,0,19,false,13,10
0,0,19,false,14,9
0,0,19,false,14,10
0,0,19,true,2,9
0,0,19,true,3,9
0,0,19,true,3,10
0,0,19,true,4,9
0,0,19,true,4,10
0,0,19,true,5,9
0,0,19,true,5,10
0,0,19,true,6,9
0,0,19,true,6,10
0,0,19,true,7,9
0,0,19,true,7,10
0,0,19,true,8,9
0,0,19,true,8,10
0,0,19,true,9,9
0,0,19,true,9,10
0,0,19,true,10,9
0,0,19,true,10,10
0,0,19,true,11,9
0,0,19,true,11,10
0,0,19,true,12,9
0,0,19,true,12,10
0,0,19,true,13,9
0,0,19,true,13,10
0,0,19,true,14,9
0,0,19,true,14,10
0,0,20,false,3,10
0,0,20,false,4,10
0,0,20,false,5,10
0,0,20,false,6,10
0,0,20,false,7,10
0,0,20,false,8,10
0,0,20,false,9,10
0,0,20,false,10,10
0,0,20,false,11,10
0,0,20,false,12,10
0,0,20,false,13,10
0,0,20,false,14,10
0,0,20,false,15,10
0,0,20,true,3,10
0,0,20,true,4,10
0,0,20,true,5,10
0,0,20,true,6,10
0,0,20,true,7,10
0,0,20,true,8,10
0,0,20,true,9,10
0,0,20,true,10,10
0,0,20,true,11,10
0,0,20,true,12,10
0,0,20,true,13,10
0,0,20,true,14,10
0,0,20,true,15,10
0,1,5,false,0,2
0,1,5,false,0,3
0,1,5,false,1,2
0,1,5,false,1,3
0,1,5,false,2,2
0,1,5,false,2,3
0,1,5,false,3,2
0,1,5,false,3,3
0,1,5,true,0,2
0,1,5,true,0,3
0,1,5,true,1,2
0,1,5,true,1,3
0,1,5,true,2,2
0,1,5,true,2,3
0,1,5,true,3,2
0,1,5,true,3,3
0,1,7,false,0,3
0,1,7,false,0,4
0,1,7,false,1,3
0,1,7,false,1,4
0,1,7,false,2,3
0,1,7,false,2,4
0,1,7,false,3,3
0,1,7,false,3,4
0,1,7,false,4,3
0,1,7,false,4,4
0,1,7,false,5,3
0,1,7,false,5,4
0,1,7,true,0,3
0,1,7,true,0,4
0,1,7,true,1,3
0,1,7,true,1,4
0,1,7,true,2,3
0,1,7,true,2,4
0,1,7,true,3,3
0,1,7,true,3,4
0,1,7,true,4,3
0,1,7,true,4,4
0,1,7,true,5,3
0,1,7,true,5,4
0,1,9,false,0,4
0,1,9,false,0,5
0,1,9,false,1,4
0,1,9,false,1,5
0,1,9,false,2,4
0,1,9,false,2,5
0,1,9,false,3,4
0,1,9,false,3,5
0,1,9,false,4,4
0,1,9,false,4,5
0,1,9,false,5,4
0,1,9,false,5,5
0,1,9,false,6,4
0,1,9,false,6,5
0,1,9,false,7,4
0,1,9,false,7,5
0,1,9,true,0,4
0,1,9,true,0,5
0,1,9,true,1,4
0,1,9,true,1,5
0,1,9,true,2,4
0,1,9,true,2,5
0,1,9,true,3,4
0,1,9,true,3,5
0,1,9,true,4,4
0,1,9,true,4,5
0,1,9,true,5,4
0,1,9,true,5,5
0,1,9,true,6,4
0,1,9,true,6,5
0,1,9,true,7,4
0,1,9,true,7,5
0,1,10,false,0,5
0,1,10,false,1,5
0,1,10,false,2,5
0,1,10,false,3,5
0,1,10,false,4,5
0,1,10,false,5,5
0,1,10,false,6,5
0,1,10,false,7,5
0,1,10,false,8,5
0,1,10,true,0,5
0,1,10,true,1,5
0,1,10,true,2,5
0,1,10,true,3,5
0,1,10,true,4,5
0,1,10,true,5,5
0,1,10,true,6,5
0,1,10,true,7,5
0,1,10,true,8,5
0,1,11,false,1,5
0,1,11,false,1,6
0,1,11,false,2,5
0,1,11,false,2,6
0,1,11,false,3,5
0,1,11,false,3,6
0,1,11,false,4,5
0,1,11,false,4,6
0,1,11,false,5,5
0,1,11,false,5,6
0,1,11,false,6,5
0,1,11,false,6,6
0,1,11,false,7,5
0,1,11,false,7,6
0,1,11,false,8,5
0,1,11,false,8,6
0,1,11,false,9,5
0,1,11,false,9,6
0,1,11,true,0,6
0,1,11,true,1,5
0,1,11,true,1,6
0,1,11,true,2,5
0,1,11,true,2,6
0,1,11,true,3,5
0,1,11,true,3,6
0,1,11,true,4,5
0,1,11,true,4,6
0,1,11,true,5,5
0,1,11,true,5,6
0,1,11,true,6,5
0,1,11,true,6,6
0,1,11,true,7,5
0,1,11,true,7,6
0,1,11,true,8,5
0,1,11,true,8,6
0,1,11,true,9,5
0,1,11,true,9,6
0,1,13,false,0,6
0,1,13,false,0,7
0,1,13,false,1,6
0,1,13,false,1,7
0,1,13,false,2,6
0,1,13,false,2,7
0,1,13,false,3,6
0,1,13,false,3,7
0,1,13,false,4,6
0,1,13,false,4,7
0,1,13,false,5,6
0,1,13,false,5,7
0,1,13,false,6,6
0,1,13,false,6,7
0,1,13,false,7,6
0,1,13,false,7,7
0,1,13,false,8,6
0,1,13,false,8,7
0,1,13,false,9,6
0,1,13,false,9,7
0,1,13,false,10,6
0,1,13,false,10,7
0,1,13,true,0,6
0,1,13,true,0,7
0,1,13,true,1,7
0,1,13,true,2,6
0,1,13,true,2,7
0,1,13,true,3,6
0,1,13,true,3,7
0,1,13,true,4,6
0,1,13,true,4,7
0,1,13,true,5,6
0,1,13,true,5,7
0,1,13,true,6,6
0,1,13,true,6,7
0,1,13,true,7,6
0,1,13,true,7,7
0,1,13,true,8,6
0,1,13,true,8,7
0,1,13,true,9,6
0,1,13,true,9,7
0,1,13,true,10,6
0,1,13,true,10,7
0,1,15,false,1,7
0,1,15,false,2,7
0,1,15,false,2,8
0,1,15,false,3,7
0,1,15,false,3,8
0,1,15,false,4,7
0,1,15,false,4,8
0,1,15,false,5,7
0,1,15,false,5,8
0,1,15,false,6,7
0,1,15,false,6,8
0,1,15,false,7,7
0,1,15,false,7,8
0,1,15,false,8,7
0,1,15,false,8,8
0,1,15,false,9,7
0,1,15,false,9,8
0,1,15,false,10,7
0,1,15,false,10,8
0,1,15,false,11,7
0,1,15,false,11,8
0,1,15,false,12,7
0,1,15,false,12,8
0,1,15,false,13,7
0,1,15,true,1,7
0,1,15,true,2,7
0,1,15,true,2,8
0,1,15,true,3,7
0,1,15,true,3,8
0,1,15,true,4,7
0,1,15,true,4,8
0,1,15,true,5,7
0,1,15,true,5,8
0,1,15,true,6,7
0,1,15,true,6,8
0,1,15,true,7,7
0,1,15,true,7,8
0,1,15,true,8,7
0,1,15,true,8,8
0,1,15,true,9,7
0,1,15,true,9,8
0,1,15,true,10,7
0,1,15,true,10,8
0,1,15,true,11,7
0,1,15,true,11,8
0,1,15,true,12,8
0,1,17,false,1,8
0,1,17,false,2,8
0,1,17,false,2,9
0,1,17,false,3,8
0,1,17,false,3,9
0,1,17,false,4,8
0,1,17,false,4,9
0,1,17,false,5,8
0,1,17,false,5,9
0,1,17,false,6,8
0,1,17,false,6,9
0,1,17,false,7,8
0,1,17,false,7,9
0,1,17,false,8,8
0,1,17,false,8,9
0,1,17,false,9,8
0,1,17,false,9,9
0,1,17,false,10,8
0,1,17,false,10,9
0,1,17,false,11,8
0,1,17,false,11,9
0,1,17,false,12,8
0,1,17,false,12,9
0,1,17,false,13,9
0,1,17,true,1,9
0,1,17,true,2,9
0,1,17,true,3,8
0,1,17,true,3,9
0,1,17,true,4,8
0,1,17,true,4,9
0,1,17,true,5,8
0,1,17,true,5,9
0,1,17,true,6,8
0,1,17,true,6,9
0,1,17,true,7,8
0,1,17,true,7,9
0,1,17,true,8,8
0,1,17,true,8,9
0,1,17,true,9,8
0,1,17,true,9,9
0,1,17,true,10,8
0,1,17,true,10,9
0,1,17,true,11,8
0,1,17,true,11,9
0,1,17,true,12,8
0,1,17,true,12,9
0,1,17,true,13,8
0,1,17,true,13,9
0,1,17,true,14,9
0,1,19,false,2,9
0,1,19,false,2,10
0,1,19,false,3,9
0,1,19,false,3,10
0,1,19,false,4,9
0,1,19,false,4,10
0,1,19,false,5,9
0,1,19,false,5,10
0,1,19,false,6,9
0,1,19,false,6,10
0,1,19,false,7,9
0,1,19,false,7,10
0,1,19,false,8,9
0,1,19,false,8,10
0,1,19,false,9,9
0,1,19,false,9,10
0,1,19,false,10,9
0,1,19,false,10,10
0,1,19,false,11,9
0,1,19,false,11,10
0,1,19,false,12,9
0,1,19,false,12,10
0,1,19,false,13,9
0,1,19,false,13,10
0,1,19,false,14,9
0,1,19,false,14,10
0,1,19,false,15,9
0,1,19,false,16,10
0,1,19,true,2,9
0,1,19,true,3,9
0,1,19,true,3,10
0,1,19,true,4,9
0,1,19,true,4,10
0,1,19,true,5,9
0,1,19,true,5,10
0,1,19,true,6,9
0,1,19,true,6,10
0,1,19,true,7,9
0,1,19,true,7,10
0,1,19,true,8,9
0,1,19,true,8,10
0,1,19,true,9,9
0,1,19,true,9,10
0,1,19,true,10,9
0,1,19,true,10,10
0,1,19,true,11,9
0,1,19,true,11,10
0,1,19,true,12,9
0,1,19,true,12,10
0,1,19,true,13,9
0,1,19,true,13,10
0,1,19,true,14,9
0,1,19,true,14,10
0,1,19,true,15,9
0,1,19,true,15,10
0,1,19,true,16,10
0,1,19,true,17,9
0,1,20,false,3,10
0,1,20,false,4,10
0,1,20,false,5,10
0,1,20,false,6,10
0,1,20,false,7,10
0,1,20,false,8,10
0,1,20,false,9,10
0,1,20,false,10,10
0,1,20,false,11,10
0,1,20,false,12,10
0,1,20,false,13,10
0,1,20,false,14,10
0,1,20,false,15,10
0,1,20,true,4,10
0,1,20,true,5,10
0,1,20,true,6,10
0,1,20,true,7,10
0,1,20,true,8,10
0,1,20,true,9,10
0,1,20,true,10,10
0,1,20,true,11,10
0,1,20,true,12,10
0,1,20,true,13,10
0,1,20,true,14,10
0,1,20,true,15,10
0,1,20,true,16,10
0,2,5,false,0,2
0,2,5,false,0,3
0,2,5,false,1,2
0,2,5,false,1,3
0,2,5,false,2,2
0,2,5,false,2,3
0,2,5,false,3,2
0,2,5,false,3,3
0,2,5,true,0,2
0,2,5,true,0,3
0,2,5,true,1,2
0,2,5,true,1,3
0,2,5,true,2,2
0,2,5,true,2,3
0,2,5,true,3,2
0,2,5,true,3,3
0,2,7,false,0,3
0,2,7,false,0,4
0,2,7,false,1,3
0,2,7,false,1,4
0,2,7,false,2,3
0,2,7,false,2,4
0,2,7,false,3,3
0,2,7,false,3,4
0,2,7,false,4,3
0,2,7,false,4,4
0,2,7,false,5,3
0,2,7,false,5,4
0,2,7,true,0,3
0,2,7,true,0,4
0,2,7,true,1,3
0,2,7,true,1,4
0,2,7,true,2,3
0,2,7,true,2,4
0,2,7,true,3,3
0,2,7,true,3,4
0,2,7,true,4,3
0,2,7,true,4,4
0,2,7,true,5,3
0,2,7,true,5,4
0,2,9,false,0,4
0,2,9,false,0,5
0,2,9,false,1,4
0,2,9,false,1,5
0,2,9,false,2,4
0,2,9,false,2,5
0,2,9,false,3,4
0,2,9,false,3,5
0,2,9,false,4,4
0,2,9,false,4,5
0,2,9,false,5,4
0,2,9,false,5,5
0,2,9,false,6,4
0,2,9,false,6,5
0,2,9,false,7,4
0,2,9,false,7,5
0,2,9,true,0,4
0,2,9,true,0,5
0,2,9,true,1,4
0,2,9,true,1,5
0,2,9,true,2,4
0,2,9,true,2,5
0,2,9,true,3,4
0,2,9,true,3,5
0,2,9,true,4,4
0,2,9,true,4,5
0,2,9,true,5,4
0,2,9,true,5,5
0,2,9,true,6,4
0,2,9,true,6,5
0,2,9,true,7,4
0,2,9,true,7,5
0,2,10,false,0,5
0,2,10,false,1,5
0,2,10,false,2,5
0,2,10,false,3,5
0,2,10,false,4,5
0,2,10,false,5,5
0,2,10,false,6,5
0,2,10,false,7,5
0,2,10,false,8,5
0,2,10,true,0,5
0,2,10,true,1,5
0,2,10,true,2,5
0,2,10,true,3,5
0,2,10,true,4,5
0,2,10,true,5,5
0,2,10,true,6,5
0,2,10,true,7,5
0,2,10,true,8,5
0,2,11,false,0,6
0,2,11,false,1,5
0,2,11,false,1,6
0,2,11,false,2,5
0,2,11,false,2,6
0,2,11,false,3,5
0,2,11,false,3,6
0,2,11,false,4,5
0,2,11,false,4,6
0,2,11,false,5,5
0,2,11,false,5,6
0,2,11,false,6,5
0,2,11,false,6,6
0,2,11,false,7,5
0,2,11,false,7,6
0,2,11,false,8,5
0,2,11,false,8,6
0,2,11,false,9,5
0,2,11,false,9,6
0,2,11,true,0,5
0,2,11,true,0,6
0,2,11,true,1,5
0,2,11,true,1,6
0,2,11,true,2,5
0,2,11,true,2,6
0,2,11,true,3,5
0,2,11,true,3,6
0,2,11,true,4,5
0,2,11,true,4,6
0,2,11,true,5,5
0,2,11,true,5,6
0,2,11,true,6,5
0,2,11,true,6,6
0,2,11,true,7,5
0,2,11,true,7,6
0,2,11,true,8,5
0,2,11,true,8,6
0,2,11,true,9,5
0,2,11,true,9,6
0,2,13,false,0,6
0,2,13,false,1,6
0,2,13,false,1,7
0,2,13,false,2,6
0,2,13,false,2,7
0,2,13,false,3,6
0,2,13,false,3,7
0,2,13,false,4,6
0,2,13,false,4,7
0,2,13,false,5,6
0,2,13,false,5,7
0,2,13,false,6,6
0,2,13,false,6,7
0,2,13,false,7,6
0,2,13,false,7,7
0,2,13,false,8,6
0,2,13,false,8,7
0,2,13,false,9,6
0,2,13,false,9,7
0,2,13,false,10,6
0,2,13,false,10,7
0,2,13,true,0,6
0,2,13,true,1,6
0,2,13,true,1,7
0,2,13,true,2,6
0,2,13,true,2,7
0,2,13,true,3,6
0,2,13,true,3,7
0,2,13,true,4,6
0,2,13,true,4,7
0,2,13,true,5,6
0,2,13,true,5,7
0,2,13,true,6,6
0,2,13,true,6,7
0,2,13,true,7,6
0,2,13,true,7,7
0,2,13,true,8,6
0,2,13,true,8,7
0,2,13,true,9,6
0,2,13,true,9,7
0,2,13,true,10,6
0,2,13,true,10,7
0,2,15,false,1,8
0,2,15,false,2,7
0,2,15,false,2,8
0,2,15,false,3,7
0,2,15,false,3,8
0,2,15,false,4,7
0,2,15,false,4,8
0,2,15,false,5,7
0,2,15,false,5,8
0,2,15,false,6,7
0,2,15,false,6,8
0,2,15,false,7,7
0,2,15,false,7,8
0,2,15,false,8,7
0,2,15,false,8,8
0,2,15,false,9,7
0,2,15,false,9,8
0,2,15,false,10,7
0,2,15,false,10,8
0,2,15,false,11,7
0,2,15,false,11,8
0,2,15,false,12,8
0,2,15,false,13,7
0,2,15,false,13,8
0,2,15,true,1,7
0,2,15,true,1,8
0,2,15,true,2,7
0,2,15,true,2,8
0,2,15,true,3,7
0,2,15,true,3,8
0,2,15,true,4,7
0,2,15,true,4,8
0,2,15,true,5,7
0,2,15,true,5,8
0,2,15,true,6,7
0,2,15,true,6,8
0,2,15,true,7,7
0,2,15,true,7,8
0,2,15,true,8,7
0,2,15,true,8,8
0,2,15,true,9,7
0,2,15,true,9,8
0,2,15,true,10,7
0,2,15,true,10,8
0,2,15,true,11,7
0,2,15,true,11,8
0,2,15,true,12,7
0,2,15,true,12,8
0,2,17,false,2,8
0,2,17,false,2,9
0,2,17,false,3,8
0,2,17,false,3,9
0,2,17,false,4,8
0,2,17,false,4,9
0,2,17,false,5,8
0,2,17,false,5,9
0,2,17,false,6,8
0,2,17,false,6,9
0,2,17,false,7,8
0,2,17,false,7,9
0,2,17,false,8,8
0,2,17,false,8,9
0,2,17,false,9,8
0,2,17,false,9,9
0,2,17,false,10,8
0,2,17,false,10,9
0,2,17,false,11,8
0,2,17,false,11,9
0,2,17,false,12,8
0,2,17,false,12,9
0,2,17,false,13,8
0,2,17,false,13,9
0,2,17,true,2,8
0,2,17,true,2,9
0,2,17,true,3,8
0,2,17,true,3,9
0,2,17,true,4,8
0,2,17,true,4,9
0,2,17,true,5,8
0,2,17,true,5,9
0,2,17,true,6,8
0,2,17,true,6,9
0,2,17,true,7,8
0,2,17,true,7,9
0,2,17,true,8,8
0,2,17,true,8,9
0,2,17,true,9,8
0,2,17,true,9,9
0,2,17,true,10,8
0,2,17,true,10,9
0,2,17,true,11,8
0,2,17,true,11,9
0,2,17,true,12,8
0,2,17,true,12,9
0,2,17,true,13,8
0,2,17,true,13,9
0,2,19,false,2,10
0,2,19,false,3,9
0,2,19,false,3,10
0,2,19,false,4,9
0,2,19,false,4,10
0,2,19,false,5,9
0,2,19,false,5,10
0,2,19,false,6,9
0,2,19,false,6,10
0,2,19,false,7,9
0,2,19,false,7,10
0,2,19,false,8,9
0,2,19,false,8,10
0,2,19,false,9,9
0,2,19,false,9,10
0,2,19,false,10,9
0,2,19,false,10,10
0,2,19,false,11,9
0,2,19,false,11,10
0,2,19,false,12,9
0,2,19,false,12,10
0,2,19,false,13,9
0,2,19,false,13,10
0,2,19,false,14,9
0,2,19,false,14,10
0,2,19,false,15,9
0,2,19,false,15,10
0,2,19,false,16,9
0,2,19,true,0,9
0,2,19,true,2,10
0,2,19,true,3,9
0,2,19,true,3,10
0,2,19,true,4,9
0,2,19,true,4,10
0,2,19,true,5,9
0,2,19,true,5,10
0,2,19,true,6,9
0,2,19,true,6,10
0,2,19,true,7,9
0,2,19,true,7,10
0,2,19,true,8,9
0,2,19,true,8,10
0,2,19,true,9,9
0,2,19,true,9,10
0,2,19,true,10,9
0,2,19,true,10,10
0,2,19,true,11,9
0,2,19,true,11,10
0,2,19,true,12,9
0,2,19,true,12,10
0,2,19,true,13,9
0,2,19,true,13,10
0,2,19,true,14,9
0,2,19,true,14,10
0,2,19,true,15,9
0,2,19,true,17,9
0,2,20,false,2,10
0,2,20,false,4,10
0,2,20,false,5,10
0,2,20,false,6,10
0,2,20,false,7,10
0,2,20,false,8,10
0,2,20,false,9,10
0,2,20,false,10,10
0,2,20,false,11,10
0,2,20,false,12,10
0,2,20,false,13,10
0,2,20,false,14,10
0,2,20,false,15,10
0,2,20,true,2,10
0,2,20,true,4,10
0,2,20,true,5,10
0,2,20,true,6,10
0,2,20,true,7,10
0,2,20,true,8,10
0,2,20,true,9,10
0,2,20,true,10,10
0,2,20,true,11,10
0,2,20,true,12,10
0,2,20,true,13,10
0,2,20,true,14,10
0,2,20,true,15,10
-1,0,20,false,15,9
-1,0,20,true,16,9
-1,0,20,true,17,9
-1,1,20,false,3,9
-1,2,20,true,3,9
-1,2,20,true,16,9
-2,0,13,false,10,5
-2,0,13,true,11,4
-2,0,13,true,11,5
-2,0,15,false,2,6
-2,0,17,false,3,7
-2,0,17,true,13,6
-2,0,17,true,14,6
-2,0,19,false,2,8
-2,0,19,false,15,7
-2,0,19,false,15,8
-2,0,19,true,3,8
-2,0,19,true,15,7
-2,0,19,true,15,8
-2,0,20,false,15,8
-2,0,20,false,16,8
-2,0,20,true,4,8
-2,1,11,false,9,3
-2,1,15,false,12,5
-2,1,17,false,2,7
-2,1,17,false,13,7
-2,1,17,false,15,7
-2,1,19,true,14,8
-2,1,19,true,15,7
-2,1,20,false,15,8
-2,1,20,false,16,8
-2,1,20,true,3,8
-2,1,20,true,15,9
-2,1,20,true,16,8
-2,2,10,false,8,3
-2,2,11,false,9,4
-2,2,13,false,10,5
-2,2,13,false,11,5
-2,2,15,false,12,5
-2,2,17,false,2,7
-2,2,17,false,13,7
-2,2,17,false,14,6
-2,2,19,false,15,8
-2,2,19,true,15,7
-2,2,19,true,15,8
-2,2,20,false,3,8
-2,2,20,false,4,8
-2,2,20,false,15,8
-2,2,20,true,15,9
-2,2,20,true,16,8
-3,0,20,false,15,7
-3,0,20,false,16,7
-3,0,20,true,3,9
-3,0,20,true,15,9
-3,1,20,true,16,7
-3,2,20,false,16,7
-3,2,20,false,17,7
-4,0,11,false,9,1
-4,0,11,false,9,4
-4,0,13,false,11,3
-4,0,15,false,12,4
-4,0,15,false,13,3
-4,0,15,true,12,4
-4,0,15,true,12,5
-4,0,15,true,13,4
-4,0,17,false,13,5
-4,0,17,false,13,7
-4,0,17,true,13,5
-4,0,17,true,13,7
-4,0,19,false,14,8
-4,0,19,false,15,5
-4,0,19,true,4,7
-4,0,19,true,5,7
-4,0,19,true,14,7
-4,0,20,false,7,6
-4,0,20,false,15,6
-4,0,20,true,16,6
-4,1,11,false,9,1
-4,1,13,false,11,2
-4,1,13,false,11,3
-4,1,13,true,11,3
-4,1,13,true,11,5
-4,1,15,true,12,3
-4,1,15,true,12,4
-4,1,17,false,14,5
-4,1,17,true,13,6
-4,1,17,true,14,7
-4,1,19,false,3,8
-4,1,19,false,4,7
-4,1,19,false,14,7
-4,1,19,false,15,6
-4,1,19,false,15,7
-4,1,19,true,4,7
-4,1,19,true,5,7
-4,1,19,true,14,7
-4,1,19,true,16,5
-4,1,20,false,16,6
-4,1,20,true,4,9
-4,1,20,true,14,6
-4,1,20,true,15,8
-4,1,20,true,16,6
-4,2,13,false,11,4
-4,2,15,false,2,6
-4,2,15,false,12,4
-4,2,15,true,12,3
-4,2,15,true,12,6
-4,2,17,false,14,5
-4,2,17,false,14,7
-4,2,17,true,2,7
-4,2,17,true,14,4
-4,2,17,true,15,4
-4,2,19,false,3,8
-4,2,19,false,15,6
-4,2,19,false,15,7
-4,2,19,true,14,5
-4,2,19,true,14,7
-4,2,19,true,15,5
-4,2,19,true,15,6
-4,2,19,true,16,6
-4,2,20,false,4,9
-4,2,20,true,4,8
-4,2,20,true,4,9
-4,2,20,true,14,9
-4,2,20,true,15,6
-4,2,20,true,15,8
-5,0,10,true,9,0
-5,1,10,true,9,0
-5,1,20,true,15,5
-5,2,10,false,9,0
-5,2,20,false,16,5
-5,2,20,true,14,5
-5,2,20,true,16,5
-6,0,10,true,8,3
-6,0,11,false,9,3
-6,0,11,true,9,3
-6,0,13,false,11,1
-6,0,13,true,10,5
-6,0,15,false,12,1
-6,0,15,true,12,1
-6,0,15,true,12,2
-6,0,15,true,13,2
-6,0,17,false,13,2
-6,0,17,false,13,3
-6,0,17,false,14,2
-6,0,17,true,14,3
-6,0,19,false,3,8
-6,0,19,false,14,4
-6,0,19,false,14,7
-6,0,19,false,17,3
-6,0,19,true,15,4
-6,0,20,false,4,9
-6,0,20,false,14,4
-6,0,20,false,15,4
-6,0,20,true,5,7
-6,0,20,true,13,4
-6,0,20,true,14,8
-6,0,20,true,15,7
-6,0,20,true,15,8
-6,1,10,false,8,3
-6,1,11,false,9,4
-6,1,11,true,9,3
-6,1,11,true,9,4
-6,1,11,true,10,0
-6,1,13,false,11,1
-6,1,13,true,10,1
-6,1,15,false,11,2
-6,1,15,false,12,2
-6,1,15,false,13,1
-6,1,15,true,12,2
-6,1,17,false,3,7
-6,1,17,false,14,2
-6,1,17,true,2,7
-6,1,17,true,4,6
-6,1,17,true,12,6
-6,1,17,true,13,2
-6,1,17,true,13,3
-6,1,19,false,14,4
-6,1,20,false,14,4
-6,1,20,false,15,4
-6,1,20,true,5,7
-6,1,20,true,6,7
-6,1,20,true,11,4
-6,1,20,true,14,9
-6,1,20,true,15,7
-6,2,10,false,8,4
-6,2,10,true,8,4
-6,2,11,false,9,3
-6,2,11,true,10,0
-6,2,13,true,10,4
-6,2,15,false,11,5
-6,2,15,false,12,1
-6,2,15,false,13,1
-6,2,15,false,13,2
-6,2,15,true,11,2
-6,2,15,true,12,1
-6,2,17,false,13,6
-6,2,17,false,14,2
-6,2,17,false,14,3
-6,2,17,true,13,3
-6,2,17,true,13,7
-6,2,17,true,14,2
-6,2,19,false,4,7
-6,2,19,false,13,4
-6,2,19,false,14,3
-6,2,19,false,14,7
-6,2,19,false,15,4
-6,2,19,true,4,7
-6,2,19,true,14,3
-6,2,19,true,14,4
-6,2,19,true,15,3
-6,2,20,false,15,4
-6,2,20,true,14,4
-6,2,20,true,17,4
-7,0,10,false,8,4
-7,0,20,false,14,9
-7,0,20,true,14,3
-7,0,20,true,14,9
-7,1,20,false,15,3
-7,1,20,false,17,3
-7,1,20,true,14,3
-7,1,20,true,15,3
-7,2,20,false,14,3
-7,2,20,true,13,3
-7,2,20,true,17,3
-8,0,10,true,8,4
-8,0,11,true,9,2
-8,0,11,true,9,4
-8,0,13,false,10,3
-8,0,13,true,10,4
-8,0,15,false,11,5
-8,0,17,false,13,6
-8,0,17,false,14,4
-8,0,17,true,4,6
-8,0,19,false,4,7
-8,0,19,false,4,8
-8,0,19,false,13,5
-8,0,19,true,14,2
-8,0,19,true,14,5
-8,0,19,true,14,8
-8,0,19,true,15,5
-8,0,20,false,16,2
-8,1,10,false,8,4
-8,1,11,false,9,2
-8,1,11,true,9,1
-8,1,11,true,9,2
-8,1,13,false,10,4
-8,1,13,false,10,5
-8,1,13,true,10,4
-8,1,13,true,11,2
-8,1,15,false,2,6
-8,1,15,false,13,3
-8,1,15,true,2,6
-8,1,15,true,11,4
-8,1,17,false,4,6
-8,1,17,false,13,6
-8,1,17,false,14,1
-8,1,17,true,13,5
-8,1,17,true,14,5
-8,1,19,false,14,5
-8,1,19,false,14,8
-8,1,19,false,15,5
-8,1,19,true,14,5
-8,1,19,true,14,6
-8,1,20,false,5,8
-8,1,20,false,15,6
-8,1,20,true,15,6
-8,2,11,false,9,1
-8,2,11,false,9,2
-8,2,11,true,9,2
-8,2,13,false,2,5
-8,2,13,false,10,4
-8,2,15,true,14,0
-8,2,17,false,3,7
-8,2,17,false,4,6
-8,2,17,false,12,6
-8,2,17,false,13,5
-8,2,17,false,14,4
-8,2,17,true,3,7
-8,2,19,false,13,7
-8,2,19,false,14,5
-8,2,19,false,14,8
-8,2,19,true,14,8
-8,2,20,false,5,8
-8,2,20,false,14,9
-8,2,20,false,15,2
-9,0,20,false,6,7
-9,0,20,true,4,9
-9,0,20,true,14,7
-9,2,20,false,5,7
-9,2,20,true,5,7
-9,2,20,true,6,7
-9,2,20,true,14,7
-10,0,10,false,8,3
-10,0,13,false,10,4
-10,0,15,true,11,6
-10,0,17,true,3,7
-10,0,20,false,5,9
-10,0,20,false,15,5
-10,0,20,false,16,5
-10,1,10,true,8,4
-10,1,15,false,11,6
-10,1,15,true,11,6
-10,1,17,true,3,7
-10,1,19,false,5,7
-10,1,19,true,4,8
-10,1,20,false,4,8
-10,1,20,false,4,9
-10,1,20,false,5,9
-10,1,20,false,14,9
-10,2,11,true,9,3
-10,2,19,false,4,8
-10,2,20,false,15,5
-11,2,20,false,13,9
-12,0,10,false,8,2
-12,0,11,true,9,1
-12,0,13,true,10,3
-12,0,15,false,3,6
-12,0,15,false,11,2
-12,0,15,false,11,3
-12,0,15,true,11,3
-12,0,15,true,11,4
-12,0,17,false,4,6
-12,0,17,false,12,3
-12,0,17,false,12,6
-12,0,17,true,9,4
-12,0,17,true,10,3
-12,0,17,true,12,2
-12,0,17,true,12,5
-12,0,17,true,13,3
-12,0,19,false,11,4
-12,0,19,false,12,3
-12,0,19,false,14,5
-12,0,19,true,13,7
-12,0,20,false,5,7
-12,0,20,false,14,6
-12,0,20,false,14,8
-12,0,20,true,11,4
-12,0,20,true,12,4
-12,1,10,false,1,4
-12,1,11,false,10,0
-12,1,13,false,2,5
-12,1,13,false,10,1
-12,1,13,true,10,3
-12,1,15,false,12,4
-12,1,15,true,4,5
-12,1,15,true,11,2
-12,1,17,false,11,3
-12,1,17,false,13,3
-12,1,17,false,13,4
-12,1,17,false,13,5
-12,1,17,true,11,3
-12,1,17,true,12,2
-12,1,17,true,12,3
-12,1,17,true,13,4
-12,1,17,true,13,7
-12,1,19,false,11,4
-12,1,19,false,13,3
-12,1,19,false,14,3
-12,1,19,true,6,6
-12,1,20,false,11,4
-12,1,20,false,15,7
-12,1,20,true,12,4
-12,1,20,true,14,4
-12,1,20,true,14,7
-12,2,13,false,11,3
-12,2,15,false,11,2
-12,2,15,false,12,2
-12,2,15,true,11,3
-12,2,15,true,11,6
-12,2,17,false,13,2
-12,2,17,true,4,6
-12,2,17,true,12,2
-12,2,17,true,13,5
-12,2,17,true,13,6
-12,2,19,false,11,4
-12,2,19,true,12,3
-12,2,20,false,11,4
-12,2,20,false,14,8
-12,2,20,true,12,4
-12,2,20,true,15,7
-13,1,20,true,5,9
-14,0,13,true,2,5
-14,0,15,false,11,6
-14,0,19,false,5,7
-14,0,20,true,15,3
-14,1,9,false,7,2
-14,1,15,false,11,5
-14,1,17,false,12,6
-14,1,17,true,12,7
-14,1,20,false,13,3
-14,1,20,false,14,3
-14,2,10,false,1,4
-14,2,13,true,2,5
-14,2,15,true,11,5
-14,2,19,true,4,8
-14,2,20,false,5,9
-15,0,20,false,9,5
-15,0,20,false,14,7
-15,0,20,true,14,5
-15,1,20,false,12,5
-15,1,20,false,14,5
-15,1,20,true,14,5
-15,2,10,true,8,2
-15,2,10,true,9,0
-15,2,20,false,13,5
-16,0,10,true,8,1
-16,0,13,true,10,2
-16,0,15,true,10,6
-16,0,19,false,13,8
-16,0,19,true,14,6
-16,0,20,true,8,6
-16,0,20,true,13,9
-16,0,20,true,15,6
-16,1,9,false,7,3
-16,1,10,false,8,1
-16,1,10,true,1,4
-16,1,13,false,10,2
-16,1,13,true,2,5
-16,1,15,false,11,4
-16,1,17,false,12,5
-16,1,17,true,12,4
-16,1,19,false,9,5
-16,1,20,false,13,9
-16,2,9,false,7,2
-16,2,10,true,8,1
-16,2,10,true,8,3
-16,2,11,true,9,4
-16,2,13,false,10,2
-16,2,13,true,10,5
-16,2,15,false,11,4
-16,2,17,true,12,6
-16,2,19,false,13,5
-16,2,19,false,14,2
-16,2,19,true,5,7
-16,2,19,true,14,6
-16,2,20,false,14,6
-16,2,20,true,5,9
-16,2,20,true,13,9
-16,2,20,true,14,6
-17,0,10,false,1,4
-17,2,10,true,1,4
-18,0,9,false,7,3
-18,0,10,true,8,2
-18,0,13,false,10,1
-18,0,15,true,11,5
-18,0,17,true,12,6
-18,0,19,false,13,7
-18,0,19,true,11,4
-18,0,19,true,12,3
-18,0,20,true,5,8
-18,0,20,true,15,4
-18,1,11,true,8,3
-18,1,15,true,11,5
-18,1,19,false,13,8
-18,1,19,true,10,4
-18,1,19,true,12,3
-18,1,19,true,14,3
-18,1,19,true,15,4
-18,1,20,false,5,7
-18,1,20,false,12,4
-18,1,20,false,13,4
-18,1,20,true,5,8
-18,1,20,true,13,9
-18,1,20,true,15,4
-18,2,10,true,7,4
-18,2,15,true,12,2
-18,2,17,false,12,2
-18,2,17,false,12,7
-18,2,17,false,13,3
-18,2,17,true,12,7
-18,2,20,false,14,4
-18,2,20,false,14,7
-18,2,20,true,13,4
-19,0,10,true,7,4
-19,1,10,true,7,4
-20,0,9,false,7,2
-20,0,10,false,8,1
-20,0,13,false,2,5
-20,0,13,true,9,2
-20,0,15,false,11,4
-20,0,17,false,11,4
-20,0,17,false,12,5
-20,0,17,true,12,4
-20,0,17,true,12,7
-20,0,19,false,14,6
-20,0,19,true,4,8
-20,0,19,true,9,5
-20,0,20,false,5,8
-20,0,20,false,8,6
-20,0,20,false,13,9
-20,0,20,true,7,6
-20,1,9,true,8,0
-20,1,10,true,8,3
-20,1,13,true,10,5
-20,1,15,false,11,3
-20,1,17,false,12,7
-20,1,19,false,6,6
-20,1,19,false,13,7
-20,1,20,false,7,6
-20,1,20,false,8,6
-20,1,20,true,9,5
-20,1,20,true,10,5
-20,1,20,true,13,8
-20,1,20,true,14,8
-20,2,9,true,7,2
-20,2,11,true,9,1
-20,2,13,false,10,3
-20,2,13,true,9,2
-20,2,13,true,10,3
-20,2,15,false,3,6
-20,2,15,false,11,3
-20,2,17,false,12,4
-20,2,17,true,12,4
-20,2,19,false,6,6
-20,2,19,false,13,8
-20,2,20,false,9,5
-20,2,20,true,5,8
-20,2,20,true,7,6
-20,2,20,true,12,5
-20,2,20,true,14,8
-21,1,10,false,8,2
-21,2,10,false,7,4
-22,0,15,true,3,6
-22,0,17,false,4,7
-22,0,17,false,12,7
-22,0,17,true,5,6
-22,0,20,true,5,9
-22,1,9,true,7,2
-22,1,11,false,8,4
-22,1,17,false,5,6
-22,1,19,true,13,7
-22,1,20,false,6,8
-22,2,11,false,8,4
-22,2,17,false,4,7
-24,0,9,false,8,0
-24,0,9,true,7,3
-24,0,9,true,8,0
-24,0,10,false,7,4
-24,0,11,false,8,3
-24,0,11,true,8,4
-24,0,15,true,11,2
-24,0,17,true,4,7
-24,0,17,true,6,5
-24,0,17,true,11,3
-24,0,17,true,12,3
-24,0,19,false,6,6
-24,0,19,false,13,4
-24,0,19,true,7,6
-24,0,19,true,10,4
-24,0,19,true,13,5
-24,0,19,true,13,6
-24,0,20,false,11,4
-24,0,20,false,12,4
-24,0,20,true,6,7
-24,0,20,true,13,7
-24,1,9,false,8,0
-24,1,10,true,8,1
-24,1,15,false,10,5
-24,1,15,true,9,3
-24,1,15,true,12,1
-24,1,17,false,12,3
-24,1,17,true,8,4
-24,1,17,true,12,5
-24,1,19,false,4,8
-24,1,19,false,10,4
-24,1,19,false,14,6
-24,1,19,true,9,5
-24,1,19,true,11,4
-24,1,19,true,13,4
-24,1,19,true,14,4
-24,1,20,false,6,7
-24,1,20,false,14,7
-24,1,20,false,14,8
-24,1,20,true,7,6
-24,1,20,true,13,4
-24,2,9,false,8,0
-24,2,13,false,10,1
-24,2,13,true,4,4
-24,2,15,true,4,5
-24,2,17,false,6,5
-24,2,17,true,5,6
-24,2,17,true,11,7
-24,2,17,true,12,5
-24,2,19,false,5,7
-24,2,19,false,12,3
-24,2,19,true,13,4
-24,2,19,true,13,7
-24,2,20,false,12,4
-24,2,20,false,13,8
-25,0,20,false,10,5
-25,0,20,false,14,5
-25,2,20,false,14,5
-26,0,17,false,5,6
-26,0,19,true,12,8
-26,1,10,false,7,4
-26,1,15,false,4,5
-26,2,15,false,4,5
-27,1,20,false,13,7
-27,2,10,false,8,2
-27,2,20,true,13,7
-28,0,11,false,8,4
-28,0,11,true,8,1
-28,0,13,false,10,2
-28,0,15,true,9,3
-28,0,19,false,13,6
-28,0,20,false,13,3
-28,0,20,true,13,6
-28,1,11,true,8,4
-28,1,15,true,11,3
-28,1,17,true,6,5
-28,1,19,false,13,5
-28,1,19,true,12,7
-28,1,19,true,13,8
-28,1,20,false,14,6
-28,2,10,false,8,1
-28,2,15,false,11,6
-28,2,15,true,11,4
-28,2,17,false,9,4
-28,2,17,false,11,4
-28,2,17,false,12,5
-28,2,17,true,4,7
-28,2,19,false,13,6
-28,2,19,false,14,6
-28,2,19,true,8,5
-28,2,19,true,13,5
-28,2,19,true,13,6
-28,2,20,false,6,8
-28,2,20,false,7,6
-28,2,20,false,8,6
-28,2,20,true,8,6
-29,0,10,true,1,4
-29,2,20,false,6,9
-29,2,20,true,6,9
-30,0,9,true,7,2
-30,0,11,false,10,0
-30,0,11,true,8,3
-30,0,17,false,11,3
-30,0,19,true,13,8
-30,0,20,false,6,9
-30,0,20,false,13,5
-30,0,20,false,13,8
-30,0,20,true,13,5
-30,1,9,true,7,3
-30,1,10,true,8,2
-30,1,15,false,3,6
-30,1,15,false,10,2
-30,1,20,false,9,5
-30,2,13,true,10,1
-30,2,17,false,11,3
-30,2,17,true,11,3
-30,2,17,true,11,6
-30,2,19,true,10,4
-30,2,19,true,13,8
-30,2,20,false,6,7
-30,2,20,false,13,4
-30,2,20,true,9,5
-30,2,20,true,10,5
-30,2,20,true,13,5
-32,0,9,true,7,1
-32,0,15,true,4,5
-32,0,15,true,10,3
-32,0,19,false,5,8
-32,0,19,true,5,8
-32,1,13,false,9,2
-32,1,13,false,10,3
-32,1,13,true,9,2
-32,1,15,true,3,6
-32,1,17,false,9,4
-32,1,17,false,11,4
-32,1,17,false,12,4
-32,1,17,true,5,6
-32,1,17,true,11,7
-32,1,19,false,7,6
-32,1,19,false,8,5
-32,1,19,true,12,5
-32,2,9,true,8,0
-32,2,11,false,8,2
-32,2,11,true,8,4
-32,2,13,true,9,4
-32,2,15,true,3,6
-32,2,15,true,9,3
-32,2,17,false,5,6
-32,2,17,false,8,4
-32,2,17,true,7,5
-32,2,17,true,8,4
-32,2,19,false,5,8
-32,2,19,false,9,5
-32,2,19,true,6,6
-33,0,20,true,6,9
-33,1,20,true,7,7
-34,0,10,true,7,3
-34,0,13,false,9,5
-34,0,13,true,9,4
-34,0,17,true,11,6
-34,0,20,true,12,9
-34,1,17,false,11,6
-34,1,19,true,5,8
-34,1,20,true,6,9
-34,2,9,true,7,3
-34,2,10,false,7,3
-34,2,11,false,8,3
-34,2,11,true,2,4
-34,2,13,true,9,5
-34,2,15,false,10,5
-34,2,15,true,10,5
-34,2,19,false,12,7
-34,2,19,true,12,7
-35,0,20,true,9,5
-35,2,20,false,10,5
-35,2,20,false,12,9
-36,0,13,false,9,3
-36,0,13,false,9,4
-36,0,15,false,10,2
-36,0,17,true,11,5
-36,0,19,true,6,6
-36,0,19,true,8,5
-36,0,19,true,12,5
-36,0,19,true,13,4
-36,0,20,false,6,8
-36,0,20,false,13,6
-36,1,11,false,8,3
-36,1,13,false,9,4
-36,1,13,true,9,5
-36,1,13,true,10,2
-36,1,15,false,9,3
-36,1,15,false,10,3
-36,1,15,true,10,5
-36,1,17,false,4,7
-36,1,17,true,7,5
-36,1,19,false,5,8
-36,1,19,false,12,3
-36,1,19,false,12,7
-36,1,19,false,13,4
-36,1,19,false,13,6
-36,1,19,true,12,4
-36,1,19,true,13,5
-36,1,19,true,13,6
-36,1,20,true,8,6
-36,2,9,false,7,3
-36,2,11,false,2,4
-36,2,13,false,9,4
-36,2,13,true,10,2
-36,2,15,false,10,2
-36,2,15,true,10,2
-36,2,17,false,11,5
-36,2,17,true,10,3
-36,2,17,true,12,3
-36,2,19,true,9,5
-36,2,20,true,11,4
-37,1,20,false,6,9
-37,1,20,false,12,9
-38,0,13,false,3,5
-38,0,15,false,10,5
-38,0,15,true,10,5
-38,0,19,true,6,7
-38,0,20,true,13,8
-38,1,10,false,7,3
-38,1,17,true,4,7
-38,1,19,false,12,8
-38,2,11,true,8,3
-38,2,19,true,6,7
-38,2,20,true,13,8
-39,0,20,false,13,7
-39,1,20,true,12,9
-40,0,10,false,7,3
-40,0,13,false,9,2
-40,0,15,false,4,5
-40,0,17,false,6,5
-40,0,19,false,6,7
-40,0,19,false,7,6
-40,0,19,false,8,5
-40,0,20,true,6,8
-40,1,11,true,2,4
-40,1,15,true,10,3
-40,1,19,false,6,7
-40,1,19,true,8,5
-40,1,19,true,11,5
-40,1,20,false,10,5
-40,1,20,true,11,5
-40,1,20,true,12,5
-40,2,10,true,7,3
-40,2,13,false,9,2
-40,2,19,false,6,7
-40,2,19,false,8,5
-40,2,20,true,6,8
-40,2,20,true,13,6
-41,1,10,true,2,4
-41,2,10,false,2,4
-42,0,13,true,4,4
-42,0,15,true,10,2
-42,0,19,false,10,4
-42,0,19,false,12,4
-42,0,19,true,12,4
-42,0,20,false,12,9
-42,1,13,true,9,4
-42,1,17,false,10,3
-42,1,17,false,11,7
-42,1,17,true,11,6
-42,1,19,false,12,4
-42,1,20,false,13,8
-42,2,13,false,4,4
-42,2,13,false,9,5
-42,2,17,false,10,3
-42,2,19,false,10,4
-42,2,19,true,5,8
-42,2,19,true,11,4
-42,2,19,true,12,8
-44,0,15,false,10,3
-44,0,15,true,10,4
-44,0,17,false,11,6
-44,0,17,false,12,4
-44,0,17,true,8,4
-44,0,19,false,12,5
-44,0,19,false,12,7
-44,0,19,true,12,7
-44,0,20,true,14,6
-44,1,11,false,8,2
-44,1,11,true,8,2
-44,1,15,true,10,6
-44,1,17,true,9,4
-44,1,19,false,7,7
-44,1,19,false,12,5
-44,1,19,true,12,8
-44,2,9,false,7,1
-44,2,15,false,5,5
-44,2,15,true,5,5
-44,2,17,true,11,4
-44,2,19,false,12,8
-44,2,19,true,11,5
-44,2,20,false,13,6
-44,2,20,true,12,9
-45,0,20,true,12,5
-45,1,20,true,13,7
-45,2,20,false,7,7
-45,2,20,false,11,5
-46,0,13,true,9,5
-46,0,17,false,11,7
-46,1,13,false,3,5
-46,1,15,true,5,5
-46,1,19,true,6,7
-46,1,20,true,6,8
-46,2,15,false,10,6
-46,2,17,false,11,6
-48,0,11,false,2,4
-48,0,11,true,2,4
-48,0,15,false,9,3
-48,0,15,false,10,6
-48,0,17,false,8,4
-48,0,17,false,10,3
-48,0,20,false,12,6
-48,0,20,true,7,8
-48,1,9,true,6,3
-48,1,15,false,5,5
-48,1,15,false,10,6
-48,1,17,true,10,3
-48,1,20,false,13,6
-48,1,20,true,12,6
-48,2,11,true,8,2
-48,2,15,false,6,4
-48,2,17,false,12,3
-48,2,17,true,10,4
-48,2,19,false,11,5
-48,2,19,false,12,4
-48,2,19,false,12,6
-48,2,19,true,12,5
-48,2,20,true,7,9
-49,0,20,true,7,9
-50,0,19,true,7,7
-50,0,20,false,12,5
-50,0,20,true,10,5
-50,1,11,false,2,4
-50,2,17,false,11,7
-50,2,20,true,11,5
-51,1,20,false,12,7
-52,0,11,true,8,2
-52,0,13,true,8,2
-52,0,17,false,9,4
-52,0,17,false,10,4
-52,0,17,false,11,5
-52,0,17,true,7,5
-52,0,17,true,11,4
-52,0,19,false,9,5
-52,0,19,false,12,8
-52,1,9,false,7,1
-52,1,10,true,7,3
-52,1,11,true,8,1
-52,1,17,true,11,4
-52,1,20,false,7,8
-52,2,13,true,9,3
-52,2,15,false,9,3
-52,2,15,false,10,4
-52,2,15,true,10,4
-52,2,20,false,10,6
-54,0,13,true,10,1
-54,0,15,false,5,5
-54,0,20,false,13,4
-54,0,20,true,7,7
-54,1,13,false,9,5
-54,2,13,true,3,5
-54,2,19,true,12,4
-54,2,20,false,12,8
-54,2,20,false,13,7
-55,0,20,true,11,5
-55,1,10,false,2,4
-55,1,20,false,13,5
-55,1,20,true,7,9
-55,2,20,false,12,5
-56,0,13,false,5,4
-56,0,15,true,5,5
-56,0,15,true,8,3
-56,1,9,true,7,1
-56,1,13,false,9,3
-56,1,13,true,3,5
-56,1,13,true,9,3
-56,1,15,true,10,4
-56,1,17,false,7,5
-56,1,17,false,8,4
-56,1,17,true,6,6
-56,1,17,true,10,4
-56,1,19,false,10,5
-56,1,19,true,10,5
-56,1,20,false,11,9
-56,2,13,false,9,3
-56,2,15,false,8,3
-56,2,17,false,5,7
-56,2,17,true,9,4
-56,2,19,false,7,7
-56,2,19,true,7,6
-56,2,19,true,12,6
-57,2,10,true,2,4
-57,2,20,false,7,9
-58,0,15,false,4,6
-58,0,17,true,11,7
-58,1,13,true,4,4
-58,1,17,false,10,6
-58,1,19,false,6,8
-58,1,20,true,11,9
-58,2,11,false,7,3
-58,2,13,false,3,5
-58,2,13,true,8,4
-58,2,15,true,4,6
-60,0,13,false,8,2
-60,0,13,true,3,5
-60,0,13,true,9,3
-60,0,17,false,6,6
-60,0,19,true,6,8
-60,0,20,true,8,7
-60,0,20,true,12,7
-60,1,11,false,8,1
-60,1,15,true,10,2
-60,1,17,false,5,7
-60,1,17,false,6,5
-60,1,17,false,10,7
-60,1,19,true,7,7
-60,1,20,true,7,8
-60,1,20,true,13,5
-60,1,20,true,13,6
-60,2,10,false,7,2
-60,2,13,false,8,4
-60,2,15,true,10,3
-60,2,17,true,6,5
-60,2,19,false,7,6
-60,2,19,false,12,5
-60,2,19,true,7,7
-60,2,20,false,7,8
-60,2,20,false,12,7
-61,0,20,true,11,9
-62,0,17,true,5,7
-62,0,20,false,7,8
-62,0,20,false,7,9
-62,1,15,true,4,6
-62,1,19,true,6,8
-62,2,20,true,12,8
-63,0,20,false,7,7
-63,1,20,false,7,9
-64,0,9,false,7,1
-64,0,17,true,10,4
-64,0,19,false,12,6
-64,1,17,false,11,5
-64,1,19,false,8,7
-64,1,19,false,12,6
-64,1,19,true,7,6
-64,2,15,true,8,3
-64,2,15,true,10,6
-64,2,17,false,7,5
-66,0,10,false,2,4
-66,0,10,false,7,2
-66,0,13,false,4,4
-66,1,13,false,4,4
-66,1,20,false,12,8
-66,1,20,true,12,8
-66,2,15,false,9,5
-66,2,20,true,7,7
-66,2,20,true,11,9
-67,0,20,false,11,9
-68,0,11,false,8,2
-68,0,13,true,8,4
-68,0,15,true,7,4
-68,0,17,false,10,6
-68,0,19,false,10,5
-68,0,19,false,11,5
-68,0,19,true,11,5
-68,1,15,false,9,6
-68,1,20,false,10,6
-68,2,9,true,7,1
-68,2,11,false,8,1
-68,2,13,false,8,2
-68,2,15,false,9,4
-68,2,19,false,6,8
-68,2,19,false,11,6
-68,2,19,true,6,8
-68,2,19,true,8,6
-69,0,10,true,2,4
-69,0,20,false,8,7
-70,0,19,false,7,7
-70,0,20,false,9,9
-70,0,20,false,11,5
-70,0,20,false,12,8
-70,1,17,true,10,7
-70,2,20,true,7,8
-71,1,20,true,8,9
-71,2,20,false,11,9
-71,2,20,true,8,9
-72,0,10,true,7,2
-72,0,17,false,7,5
-72,0,17,true,6,6
-72,0,17,true,10,6
-72,1,7,false,6,0
-72,1,11,false,7,3
-72,1,11,true,3,4
-72,1,15,false,4,6
-72,1,15,false,10,4
-72,1,17,false,10,4
-72,1,19,true,11,6
-72,1,20,false,10,9
-72,1,20,false,12,6
-72,2,15,false,7,4
-72,2,17,true,11,5
-73,1,20,false,8,9
-73,2,10,true,6,4
-74,0,15,true,6,5
-74,0,17,false,5,7
-74,1,9,false,6,2
-74,2,9,false,6,2
-74,2,15,false,4,6
-74,2,15,true,9,5
-75,1,10,false,7,2
-75,1,20,true,12,7
-76,0,11,false,7,2
-76,0,15,false,8,3
-76,0,15,true,6,4
-76,0,15,true,9,5
-76,0,20,false,9,6
-76,0,20,true,8,9
-76,0,20,true,9,6
-76,0,20,true,10,6
-76,1,13,false,7,3
-76,1,15,false,8,3
-76,1,17,false,6,6
-76,1,17,true,11,5
-76,2,7,false,6,0
-76,2,11,true,7,3
-76,2,13,false,6,3
-76,2,13,true,8,2
-76,2,19,true,10,5
-76,2,20,false,12,6
-77,2,20,true,9,9
-77,2,20,true,10,9
-78,0,9,true,6,3
-78,0,15,true,9,6
-78,0,17,true,10,7
-78,0,19,false,11,7
-78,1,15,false,9,5
-78,1,17,true,5,7
-78,1,20,true,8,7
-78,1,20,true,10,9
-78,2,10,true,7,2
-78,2,17,false,6,6
-78,2,17,false,10,6
-78,2,17,false,10,7
-79,2,20,false,10,9
-80,0,15,false,10,4
-80,0,19,true,8,6
-80,0,19,true,12,6
-80,1,7,true,6,0
-80,1,13,true,5,4
-80,1,13,true,7,3
-80,1,13,true,8,2
-80,1,15,true,6,4
-80,1,17,false,7,6
-80,1,19,false,11,5
-80,1,19,false,11,6
-80,1,19,true,11,7
-80,2,9,false,6,3
-80,2,13,false,8,3
-80,2,15,false,10,3
-80,2,17,true,5,7
-80,2,19,false,10,7
-80,2,19,true,9,6
-80,2,19,true,11,7
-81,1,10,true,7,2
-81,1,20,false,8,7
-81,1,20,false,11,7
-82,0,7,false,5,1
-82,0,20,true,9,9
-82,1,7,false,5,1
-82,1,19,false,11,7
-82,2,7,true,5,2
-82,2,9,true,6,2
-82,2,9,true,6,3
-82,2,19,true,11,8
-83,0,10,true,6,4
-83,1,10,false,6,4
-84,0,9,true,6,2
-84,0,11,false,8,1
-84,0,11,true,4,3
-84,0,11,true,7,3
-84,0,13,false,8,4
-84,0,13,true,8,3
-84,0,19,false,11,6
-84,0,19,true,11,6
-84,0,20,false,11,8
-84,0,20,true,12,6
-84,0,20,true,12,8
-84,1,7,false,5,2
-84,1,13,false,5,4
-84,1,15,true,9,5
-84,1,19,true,8,6
-84,1,19,true,12,6
-84,1,20,false,7,7
-84,1,20,false,9,6
-84,2,11,false,7,2
-84,2,17,true,10,7
-84,2,20,false,11,6
-84,2,20,true,10,6
-85,0,20,false,10,9
-86,0,7,false,5,2
-86,0,15,true,4,6
-86,0,19,false,6,8
-86,0,19,true,11,8
-86,1,13,true,8,4
-87,2,20,false,8,7
-87,2,20,true,8,7
-87,2,20,true,12,7
-88,0,13,true,8,5
-88,0,17,true,8,5
-88,0,19,true,11,7
-88,0,20,false,10,6
-88,1,9,true,6,2
-88,1,10,false,7,1
-88,1,13,false,8,2
-88,1,13,false,8,5
-88,1,20,true,9,9
-88,2,10,false,7,1
-88,2,13,true,8,3
-88,2,19,false,10,5
-88,2,19,false,11,7
-88,2,20,false,9,6
-90,0,20,true,11,7
-90,1,9,false,6,3
-90,1,17,true,6,7
-90,1,20,true,8,8
-90,2,20,false,8,9
-92,0,13,true,5,4
-92,0,13,true,6,3
-92,0,15,false,6,4
-92,0,17,false,7,6
-92,0,20,true,11,6
-92,1,10,true,7,1
-92,1,11,true,7,3
-92,1,15,false,9,4
-92,1,15,true,7,4
-92,1,17,false,10,5
-92,1,19,true,8,7
-92,1,20,true,11,8
-92,2,11,true,8,1
-92,2,13,true,5,4
-92,2,17,true,9,5
-92,2,20,true,11,6
-94,0,10,false,6,4
-94,0,11,false,7,3
-94,0,15,false,9,5
-94,0,17,true,7,6
-94,0,19,true,10,7
-94,1,20,false,11,8
-94,2,9,false,2,3
-94,2,13,true,8,5
-94,2,17,true,6,6
-94,2,20,false,9,9
-95,1,20,false,11,5
-96,0,7,false,6,0
-96,0,11,false,7,4
-96,0,11,true,7,4
-96,0,13,true,7,3
-96,0,15,false,9,4
-96,0,19,false,10,7
-96,1,15,true,9,6
-96,2,15,true,9,4
-96,2,20,true,9,6
-98,0,19,false,8,7
-98,0,19,true,8,7
-98,0,20,false,8,9
-98,1,10,true,6,4
-98,2,11,false,7,4
-98,2,11,true,7,4
-98,2,13,false,5,4
-98,2,19,false,11,8
-98,2,19,true,10,7
-100,0,7,true,6,0
-100,0,9,false,6,3
-100,0,10,true,7,1
-100,0,11,false,5,3
-100,0,19,true,10,5
-100,0,20,true,10,9
-100,1,15,true,6,5
-100,1,20,false,11,6
-100,2,7,true,5,1
-100,2,10,true,3,4
-100,2,10,true,7,1
-100,2,17,false,10,4
-100,2,17,true,10,6
-100,2,19,true,11,6
-100,2,20,true,12,6
-101,2,10,false,6,4
-102,0,7,true,5,1
-102,0,15,false,5,6
-102,0,17,false,10,7
-102,0,20,false,9,7
-102,1,13,true,8,5
-102,1,19,false,7,8
-102,2,10,true,6,2
-102,2,11,true,4,3
-102,2,13,false,8,5
-102,2,15,false,6,5
-102,2,19,false,8,7
-104,0,13,true,7,4
-104,0,19,false,8,6
-104,0,20,true,8,8
-104,0,20,true,11,8
-104,1,7,true,5,2
-104,1,11,false,7,2
-104,1,11,false,7,4
-104,1,13,false,6,3
-104,1,15,false,7,4
-104,1,15,true,8,3
-104,1,15,true,9,4
-104,1,19,true,10,7
-104,1,19,true,11,8
-104,1,20,false,9,9
-104,1,20,true,10,6
-104,1,20,true,11,6
-104,2,7,false,5,1
-104,2,15,true,6,4
-104,2,17,false,9,5
-104,2,17,true,10,5
-104,2,19,false,9,7
-104,2,20,true,11,8
-106,0,7,true,5,2
-106,0,15,false,6,5
-106,0,15,false,7,5
-106,0,17,false,9,6
-106,0,19,false,11,8
-106,0,20,false,8,8
-106,1,11,true,4,3
-106,1,11,true,7,4
-106,1,13,false,8,4
-106,1,17,true,10,6
-106,1,19,true,7,8
-106,2,15,false,8,5
-106,2,17,false,9,6
-106,2,19,true,8,7
-106,2,20,false,11,8
-108,0,13,false,7,3
-108,0,13,false,8,5
-108,0,15,false,7,4
-108,0,17,true,10,5
-108,0,19,false,9,6
-108,0,20,false,11,6
-108,1,9,true,2,3
-108,1,17,false,9,6
-108,1,17,true,7,6
-108,1,19,false,9,6
-108,1,19,false,10,7
-108,1,20,false,8,8
-108,1,20,true,9,6
-108,2,13,true,6,4
-108,2,15,false,7,5
-108,2,17,false,7,6
-108,2,20,true,11,7
-110,0,15,false,9,6
-110,1,7,true,5,1
-110,1,11,false,4,3
-110,1,19,false,9,7
-110,2,11,false,3,4
-110,2,20,false,8,8
-111,0,20,false,11,7
-111,1,20,false,10,7
-112,0,11,true,7,2
-112,0,19,false,9,7
-112,1,13,false,7,4
-112,1,13,true,6,3
-112,1,13,true,8,3
-112,1,15,false,6,5
-112,1,17,true,9,6
-112,2,7,false,5,2
-112,2,13,false,7,3
-112,2,13,true,7,3
-112,2,15,true,6,5
-112,2,17,true,8,6
-114,1,11,false,5,3
-114,1,11,false,6,3
-114,2,9,true,2,3
-114,2,11,false,4,3
-114,2,13,false,7,4
-114,2,15,true,5,6
-116,0,10,false,6,3
-116,0,11,false,4,3
-116,0,19,true,9,6
-116,0,19,true,9,7
-116,1,9,false,2,3
-116,1,10,true,3,3
-116,1,11,true,7,2
-116,1,13,false,8,3
-116,1,19,true,9,7
-116,2,7,true,6,0
-116,2,13,false,4,5
-116,2,15,true,7,4
-116,2,15,true,8,4
-116,2,17,false,10,5
-116,2,20,true,8,8
-117,0,20,false,10,7
-117,1,20,false,9,7
-118,0,10,true,3,4
-118,0,13,false,6,4
-118,0,20,false,10,8
-118,1,15,true,7,5
-118,2,10,true,5,4
-118,2,15,false,9,6
-118,2,17,false,8,6
-120,0,15,true,7,5
-120,0,20,false,9,8
-120,1,15,false,6,4
-120,1,15,true,8,4
-120,1,20,true,11,7
-120,2,11,true,7,2
-120,2,15,true,9,6
-120,2,17,true,6,7
-120,2,17,true,9,6
-120,2,19,false,9,6
-120,2,19,false,10,6
-120,2,19,true,7,8
-122,0,9,false,6,2
-122,0,10,true,3,3
-122,0,17,true,9,7
-122,1,10,true,6,3
-122,1,11,false,3,4
-122,2,13,false,6,4
-122,2,20,true,9,8
-123,2,20,true,9,7
-124,0,10,false,7,1
-124,0,13,false,7,4
-124,0,17,false,8,6
-124,0,17,true,8,6
-124,1,10,false,3,3
-124,1,13,false,4,5
-124,1,17,false,6,7
-124,1,19,false,8,6
-124,2,15,false,5,6
-124,2,17,false,6,7
-126,0,17,true,6,7
-126,1,10,true,5,4
-126,1,10,true,6,2
-126,1,15,true,8,5
-126,1,17,false,8,6
-126,1,19,false,11,8
-126,1,20,true,9,8
-126,2,10,false,3,3
-126,2,10,false,3,4
-126,2,10,true,6,3
-126,2,15,true,7,5
-126,2,15,true,8,6
-126,2,19,true,9,7
-126,2,20,false,9,8
-127,1,10,false,3,4
-128,0,11,true,3,4
-128,0,17,false,10,5
-128,0,17,true,9,6
-128,1,17,false,8,5
-129,0,20,false,12,7
-129,0,20,true,9,7
-130,0,10,false,3,4
-130,0,11,false,3,4
-130,0,11,true,5,3
-130,0,20,true,10,8
-130,1,13,true,4,5
-130,1,15,false,5,6
-130,2,11,false,5,3
-130,2,11,true,3,4
-130,2,17,true,7,6
-130,2,17,true,9,7
-132,0,9,false,5,2
-132,0,10,false,3,3
-132,0,10,true,6,3
-132,0,13,false,8,3
-132,0,15,false,8,4
-132,0,19,true,8,8
-132,0,20,true,10,7
-132,1,10,false,5,2
-132,1,10,true,3,4
-132,1,19,false,10,6
-132,1,19,true,10,8
-132,2,11,true,5,3
-132,2,11,true,6,3
-132,2,19,false,7,8
-132,2,20,true,10,8
-133,1,10,false,5,4
-134,0,9,true,2,3
-134,0,13,true,4,5
-134,0,15,true,5,6
-134,0,15,true,8,5
-134,1,9,false,5,2
-134,1,15,false,7,5
-134,2,9,true,5,2
-134,2,13,true,7,4
-134,2,15,true,8,5
-134,2,20,false,10,8
-135,1,20,true,10,7
-136,0,10,true,5,4
-136,0,17,false,9,5
-136,1,13,true,7,4
-136,1,15,false,8,4
-136,1,15,false,8,6
-136,1,15,true,5,6
-136,1,17,true,8,6
-136,1,19,true,9,6
-136,2,10,false,6,3
-136,2,10,true,3,3
-136,2,15,false,8,4
-136,2,19,false,8,6
-138,0,19,false,7,8
-138,0,19,true,10,8
-138,1,11,true,5,3
-138,1,20,true,10,8
-138,2,19,false,10,8
-138,2,19,true,10,8
-140,0,9,false,2,3
-140,0,15,true,8,4
-140,0,15,true,9,4
-140,0,19,true,10,6
-140,1,11,true,6,3
-140,1,17,true,9,5
-140,1,17,true,10,5
-140,2,9,false,5,2
-140,2,13,true,4,5
-141,0,10,false,5,4
-141,2,20,false,10,7
-142,0,13,false,4,5
-142,0,15,true,8,6
-142,0,19,false,10,8
-142,1,10,false,6,3
-142,1,20,false,9,8
-142,2,10,false,5,4
-144,0,9,true,6,1
-144,0,19,false,10,6
-144,1,19,false,8,8
-144,2,20,false,9,7
-144,2,20,true,10,7
-146,0,11,false,6,3
-146,0,17,false,6,7
-146,1,15,false,8,5
-146,1,17,true,7,7
-146,2,19,true,8,8
-147,0,10,true,6,2
-147,1,10,false,6,2
-148,0,19,true,7,8
-148,1,11,true,6,2
-148,1,17,false,9,7
-148,1,17,true,8,5
-148,1,19,true,10,6
-148,2,19,false,8,8
-150,0,10,false,6,2
-150,1,15,true,7,6
-150,2,11,false,6,3
-152,1,13,true,7,5
-152,1,19,false,10,8
-152,2,13,true,6,3
-154,0,9,true,4,2
-154,0,10,true,4,3
-154,0,15,false,8,6
-154,0,20,true,9,8
-154,1,9,true,5,2
-154,1,13,true,6,4
-156,0,10,true,4,4
-156,0,11,true,6,2
-156,0,13,false,6,3
-156,0,15,false,8,5
-156,0,17,false,8,5
-156,2,10,false,6,2
-158,0,17,false,9,7
-158,2,15,false,8,6
-160,0,10,false,4,3
-160,0,11,true,6,3
-160,0,15,true,6,6
-160,0,19,false,9,8
-160,1,15,true,8,6
-160,2,17,true,8,7
-162,1,17,false,7,7
-162,1,19,true,8,8
-162,2,20,false,11,7
-163,1,10,true,4,4
-164,0,9,false,6,1
-164,1,9,true,6,1
-164,2,10,false,4,3
-166,0,10,false,4,4
-166,1,11,false,6,4
-166,1,15,false,6,6
-166,1,17,true,8,7
-166,2,10,true,4,4
-166,2,15,false,6,6
-168,0,17,true,9,5
-168,1,11,false,6,2
-168,1,13,false,6,4
-168,1,17,true,9,7
-168,1,19,false,9,8
-168,1,19,true,9,8
-168,1,20,true,9,7
-168,2,9,false,6,1
-168,2,17,false,8,5
-168,2,17,false,9,7
-169,2,10,false,4,4
-170,0,17,true,7,7
-170,2,5,false,4,0
-170,2,17,false,8,7
-172,0,9,true,5,2
-172,0,13,true,6,4
-172,0,19,false,8,8
-172,1,10,true,4,3
-172,1,20,false,10,8
-172,2,11,true,6,2
-172,2,17,true,7,7
-174,0,10,false,5,2
-174,2,13,true,7,5
-174,2,15,false,7,6
-176,1,17,false,9,5
-176,2,9,false,4,2
-176,2,9,true,6,1
-178,2,19,true,9,8
-180,0,11,false,6,4
-180,0,13,false,7,5
-180,1,9,false,4,2
-180,2,11,true,6,4
-181,1,10,false,4,4
-182,0,9,false,4,2
-182,0,17,true,8,7
-182,2,9,true,4,2
-184,0,17,false,8,7
-184,1,13,false,7,5
-184,2,15,true,6,6
-184,2,17,false,7,7
-184,2,19,false,9,8
-186,2,10,false,5,2
-186,2,10,true,4,3
-186,2,10,true,5,2
-188,0,13,true,7,5
-188,0,17,false,7,7
-188,1,5,false,4,0
-188,1,15,false,7,6
-188,2,17,true,8,5
-190,1,5,true,4,0
-190,1,9,true,4,2
-190,2,11,false,6,4
-192,0,19,true,9,8
-192,1,9,false,6,1
-192,2,13,false,7,5
-194,0,11,true,6,4
-194,0,15,false,6,6
-194,1,10,true,5,3
-194,1,13,false,5,5
-194,2,5,true,4,0
-194,2,13,true,6,5
-196,0,13,true,5,5
-196,1,11,true,6,4
-196,2,19,true,10,6
-198,0,5,true,4,0
-200,1,7,true,4,2
-204,0,11,false,4,4
-204,0,13,true,6,5
-204,1,10,false,4,3
-204,1,17,false,8,7
-206,1,11,true,4,4
-206,1,15,true,6,6
-210,0,13,false,5,5
-210,1,13,true,5,5
-212,0,5,false,4,0
-212,2,7,true,4,2
-214,0,11,true,5,4
-214,2,13,false,6,5
-216,0,11,false,6,2
-216,1,7,false,4,1
-216,1,13,false,6,5
-216,2,11,false,6,2
-216,2,11,true,4,4
-216,2,13,true,5,5
-218,0,7,true,4,1
-218,0,15,false,7,6
-218,0,15,true,7,6
-219,0,10,true,5,2
-220,0,11,true,4,4
-220,2,10,false,5,3
-220,2,13,false,5,5
-222,2,9,false,5,3
-224,1,11,false,4,4
-226,1,10,false,5,3
-226,1,13,true,6,5
-226,2,9,true,3,3
-228,0,10,false,5,3
-228,2,10,true,5,3
-230,0,7,true,4,2
-231,1,10,true,5,2
-232,0,9,false,5,3
-232,0,10,true,5,3
-236,1,9,true,3,3
-236,2,7,false,4,2
-236,2,7,true,4,1
-240,0,7,false,4,1
-240,1,11,true,5,4
-242,0,9,true,5,3
-242,2,11,false,4,4
-242,2,15,true,7,6
-244,1,9,false,3,3
-244,1,11,false,5,4
-246,2,7,false,4,1
-246,2,9,true,5,3
-248,0,9,false,3,3
-248,1,7,true,4,1
-248,1,9,false,5,3
-248,1,9,true,5,3
-252,0,13,false,6,5
-256,0,11,false,5,4
-258,0,9,true,3,3
-260,0,7,true,2,2
-266,0,7,false,2,2
-268,2,9,false,3,3
-270,0,9,false,4,3
-270,1,7,false,4,2
-270,2,11,false,5,4
-274,1,7,true,2,2
-286,0,7,false,4,2
-288,2,7,false,2,2
-296,0,9,true,4,3
-298,2,11,true,5,4
-300,2,9,true,4,3
-302,1,9,false,4,3
-308,1,7,false,2,2
-308,1,9,true,4,3
-312,2,9,false,4,3
-324,2,7,true,2,2
-346,1,5,true,3,1
-354,1,5,false,3,1
-362,2,5,true,3,1
-364,0,5,false,3,1
-370,0,7,true,3,2
-370,1,7,true,3,2
-376,2,7,false,3,2
-380,2,7,true,3,2
-396,0,7,false,3,2
-400,0,5,true,3,1
-400,2,5,false,3,1
-406,1,7,false,3,2
-544,0,5,true,2,1
-550,0,5,false,2,1
-574,2,5,false,2,1
-576,1,5,true,2,1
-588,1,5,false,2,1
-596,2,5,true,2,1
