Experiment,Run,Qubits,Layers,Layer,Spin,Phase,FlagPattern,OnesCount,CorrelatedPairs,V,alpha,delta,Vn,alphaN,deltaN 
Wormholes,1,20,1,1,False,0,.X.XX...X....XXXX.X.,9,9,9,10,-1,0,0.5,-0.5
Wormholes,2,20,1,1,False,0,.XXXX...X.X..XXX.X.X,11,8,11,10,1,0,0.5,-0.5
Wormholes,3,20,1,1,False,0,XX...XXXXX.X.X.X..X.,11,8,11,10,1,0,0.5,-0.5
Wormholes,4,20,1,1,False,0,.X...X.XXXXXX.X.XX..,11,9,11,10,1,0,0.5,-0.5
Wormholes,5,20,1,1,False,0,X.....XXX.XXXX...X.X,10,11,10,10,0,0,0.5,-0.5
Wormholes,6,20,1,1,False,0,X.XX..XX.XX.....XXXX,11,11,11,10,1,0,0.5,-0.5
Wormholes,7,20,1,1,False,0,XX...XXXX.X.XX.XX...,11,10,11,10,1,0,0.5,-0.5
Wormholes,8,20,1,1,False,0,.X.....X.XXX.XXX.X..,9,9,9,10,-1,0,0.5,-0.5
Wormholes,9,20,1,1,False,0,XX...XXXX..X.X.XXXXX,13,11,13,10,3,0,0.5,-0.5
Wormholes,10,20,1,1,False,0,X.XX..XX..XXX.XX.X.X,12,7,12,10,2,0,0.5,-0.5
Wormholes,11,20,1,1,False,0,.X.X..X.XXXXXX...X.X,11,8,11,10,1,0,0.5,-0.5
Wormholes,12,20,1,1,False,0,..X.X..XX.X...XXX.XX,10,8,10,10,0,0,0.5,-0.5
Wormholes,13,20,1,1,False,0,.XXXX.X....XX..X.X..,9,9,9,10,-1,0,0.5,-0.5
Wormholes,14,20,1,1,False,0,XX..XXXXX.XXXXX.X..X,14,11,14,10,4,0,0.5,-0.5
Wormholes,15,20,1,1,False,0,X.XX..X.X....XX...X.,8,8,8,10,-2,0,0.5,-0.5
Wormholes,16,20,1,1,False,0,....X.XXX...X.....X.,6,11,6,10,-4,0,0.5,-0.5
Wormholes,17,20,1,1,False,0,X.X..X.X..X.X......X,7,7,7,10,-3,0,0.5,-0.5
Wormholes,18,20,1,1,False,0,X..XXXX...X.....X...,7,12,7,10,-3,0,0.5,-0.5
Wormholes,19,20,1,1,False,0,XXX..XX..X..X.X.X.X.,10,6,10,10,0,0,0.5,-0.5
Wormholes,20,20,1,1,False,0,.X..XX.XX...XXX.X..X,10,8,10,10,0,0,0.5,-0.5
Wormholes,21,20,1,1,False,0,.XX..XXX..X..XX.XX..,10,9,10,10,0,0,0.5,-0.5
Wormholes,22,20,1,1,False,0,.X..X.X.XXXXX..XX.XX,12,8,12,10,2,0,0.5,-0.5
Wormholes,23,20,1,1,False,0,...X.X...X.XXX.XX...,8,9,8,10,-2,0,0.5,-0.5
Wormholes,24,20,1,1,False,0,X..XX...XXXX.XX.XX..,11,10,11,10,1,0,0.5,-0.5
Wormholes,25,20,1,1,False,0,.X.X.X....X...XX.X..,7,7,7,10,-3,0,0.5,-0.5
Wormholes,26,20,1,1,False,0,X.....XXXXXXXXX.X..X,12,13,12,10,2,0,0.5,-0.5
Wormholes,27,20,1,1,False,0,X.XX.X...XX..X.XXXX.,11,8,11,10,1,0,0.5,-0.5
Wormholes,28,20,1,1,False,0,XX..XXX.XXX.X..X.X..,11,8,11,10,1,0,0.5,-0.5
Wormholes,29,20,1,1,False,0,....XX.XX.XX.XXXXXXX,13,12,13,10,3,0,0.5,-0.5
Wormholes,30,20,1,1,False,0,.X.....X...X.X.X..XX,7,8,7,10,-3,0,0.5,-0.5
Wormholes,31,20,1,1,False,0,.....XX..X.XX...X.X.,7,9,7,10,-3,0,0.5,-0.5
Wormholes,32,20,1,1,False,0,..X.X.X.XXX.X.X.X.XX,11,4,11,10,1,0,0.5,-0.5
Wormholes,33,20,1,1,False,0,XX.XXX.X..X...XX.X.X,11,7,11,10,1,0,0.5,-0.5
Wormholes,34,20,1,1,False,0,X..X.X.XX.XXX..X.XX.,11,6,11,10,1,0,0.5,-0.5
Wormholes,35,20,1,1,False,0,XXX...XXX.X...X.XXX.,11,10,11,10,1,0,0.5,-0.5
Wormholes,36,20,1,1,False,0,.X....XX..X..X.X....,6,9,6,10,-4,0,0.5,-0.5
Wormholes,37,20,1,1,False,0,.X.XXX....X....X....,6,11,6,10,-4,0,0.5,-0.5
Wormholes,38,20,1,1,False,0,X.X..X.X..XX.X.X...X,9,5,9,10,-1,0,0.5,-0.5
Wormholes,39,20,1,1,False,0,...XXX.....XX.......,5,15,5,10,-5,0,0.5,-0.5
Wormholes,40,20,1,1,False,0,X.XXX.XXXXXXXX.XX...,14,12,14,10,4,0,0.5,-0.5
Wormholes,41,20,1,1,False,0,XXXX..X.X.XX....XXXX,12,11,12,10,2,0,0.5,-0.5
Wormholes,42,20,1,1,False,0,.XXXXX.X.XX.XX.XX.X.,13,7,13,10,3,0,0.5,-0.5
Wormholes,43,20,1,1,False,0,...XXX.XXXXXXXXX.X.X,14,12,14,10,4,0,0.5,-0.5
Wormholes,44,20,1,1,False,0,XXXX....X.X.XX..XXXX,12,11,12,10,2,0,0.5,-0.5
Wormholes,45,20,1,1,False,0,.X.X..X.X.X...X...XX,8,6,8,10,-2,0,0.5,-0.5
Wormholes,46,20,1,1,False,0,.XX..X..XX.X....X...,7,9,7,10,-3,0,0.5,-0.5
Wormholes,47,20,1,1,False,0,..XXX..X..X..X...XX.,8,9,8,10,-2,0,0.5,-0.5
Wormholes,48,20,1,1,False,0,..X......XXX.XX...XX,8,12,8,10,-2,0,0.5,-0.5
Wormholes,49,20,1,1,False,0,X.....XX.X........X.,5,12,5,10,-5,0,0.5,-0.5
Wormholes,50,20,1,1,False,0,.XXX...X.XXXX.X...X.,10,9,10,10,0,0,0.5,-0.5
Wormholes,51,20,1,1,False,0,.XXX.......X.X.XXX.X,9,10,9,10,-1,0,0.5,-0.5
Wormholes,52,20,1,1,False,0,...X.X..X........XXX,6,12,6,10,-4,0,0.5,-0.5
Wormholes,53,20,1,1,False,0,..XXX..XX..XXXX.X.XX,12,10,12,10,2,0,0.5,-0.5
Wormholes,54,20,1,1,False,0,XXX.XX.XXXX.X.X.X...,12,8,12,10,2,0,0.5,-0.5
Wormholes,55,20,1,1,False,0,.XXXXX.XX..X.XXX.X..,12,9,12,10,2,0,0.5,-0.5
Wormholes,56,20,1,1,False,0,X.XXX..X..XXX...XXX.,11,10,11,10,1,0,0.5,-0.5
Wormholes,57,20,1,1,False,0,XXX.....X.XXX.XX....,9,12,9,10,-1,0,0.5,-0.5
Wormholes,58,20,1,1,False,0,...XXXX.....XX...XXX,9,14,9,10,-1,0,0.5,-0.5
Wormholes,59,20,1,1,False,0,.XXXXX...X..X.....XX,9,12,9,10,-1,0,0.5,-0.5
Wormholes,60,20,1,1,False,0,.....X.XXXX.XX.X.XXX,11,10,11,10,1,0,0.5,-0.5
Wormholes,61,20,1,1,False,0,...X.X.XX.XXX...XX.X,10,8,10,10,0,0,0.5,-0.5
Wormholes,62,20,1,1,False,0,XX.X..XX.X.X.XXX.XX.,12,6,12,10,2,0,0.5,-0.5
Wormholes,63,20,1,1,False,0,..X.....XXXXX..X.X..,8,11,8,10,-2,0,0.5,-0.5
Wormholes,64,20,1,1,False,0,X..XX.XXXXX....XX..X,11,11,11,10,1,0,0.5,-0.5
Wormholes,65,20,1,1,False,0,X..XXX...XX..XX.....,8,12,8,10,-2,0,0.5,-0.5
Wormholes,66,20,1,1,False,0,XX.XX.....XX.X..X..X,9,9,9,10,-1,0,0.5,-0.5
Wormholes,67,20,1,1,False,0,XX.X.XXXXX..X..XX.X.,12,8,12,10,2,0,0.5,-0.5
Wormholes,68,20,1,1,False,0,..X.X.XX..XXX...X.X.,9,7,9,10,-1,0,0.5,-0.5
Wormholes,69,20,1,1,False,0,....XX.X.X.X.XX..X.X,9,6,9,10,-1,0,0.5,-0.5
Wormholes,70,20,1,1,False,0,X..X....XX.X....X.X.,7,8,7,10,-3,0,0.5,-0.5
Wormholes,71,20,1,1,False,0,X.X......XX.XX...X.X,8,9,8,10,-2,0,0.5,-0.5
Wormholes,72,20,1,1,False,0,.XX..XX..XX.X..XX...,9,9,9,10,-1,0,0.5,-0.5
Wormholes,73,20,1,1,False,0,X.XX.X.X.XX...X.XX..,10,6,10,10,0,0,0.5,-0.5
Wormholes,74,20,1,1,False,0,XX.XX..X..XXX...XX..,10,10,10,10,0,0,0.5,-0.5
Wormholes,75,20,1,1,False,0,XX.X..XXXXXXX...XX.X,13,11,13,10,3,0,0.5,-0.5
Wormholes,76,20,1,1,False,0,X.XXX.X.X.XXXX.....X,11,9,11,10,1,0,0.5,-0.5
Wormholes,77,20,1,1,False,0,XX....X.X.XX.XX.XXX.,11,8,11,10,1,0,0.5,-0.5
Wormholes,78,20,1,1,False,0,X..X..X....XXXXX...X,9,11,9,10,-1,0,0.5,-0.5
Wormholes,79,20,1,1,False,0,...XXXX.X...X.XX.XXX,11,10,11,10,1,0,0.5,-0.5
Wormholes,80,20,1,1,False,0,.XX...XXXX.....X.X..,8,11,8,10,-2,0,0.5,-0.5
Wormholes,81,20,1,1,False,0,.XXX..X.XXXXX.X.X.XX,13,8,13,10,3,0,0.5,-0.5
Wormholes,82,20,1,1,False,0,X.XXXX.XX...XXX...X.,11,10,11,10,1,0,0.5,-0.5
Wormholes,83,20,1,1,False,0,X.....XXX.XX.X...XX.,9,10,9,10,-1,0,0.5,-0.5
Wormholes,84,20,1,1,False,0,..XXX....X..XX..XXXX,10,12,10,10,0,0,0.5,-0.5
Wormholes,85,20,1,1,False,0,X...X.X..XX.XX...X..,8,8,8,10,-2,0,0.5,-0.5
Wormholes,86,20,1,1,False,0,XXX..X.....XXX.X.XXX,11,11,11,10,1,0,0.5,-0.5
Wormholes,87,20,1,1,False,0,XXX......XXXXX...X.X,10,13,10,10,0,0,0.5,-0.5
Wormholes,88,20,1,1,False,0,.XX..X..XXX..XXXX.XX,12,10,12,10,2,0,0.5,-0.5
Wormholes,89,20,1,1,False,0,..X.XXXXXXX..XX...XX,12,12,12,10,2,0,0.5,-0.5
Wormholes,90,20,1,1,False,0,XXXXXXX..XXX......X.,11,14,11,10,1,0,0.5,-0.5
Wormholes,91,20,1,1,False,0,XX.X.XX.......XXXX.X,10,11,10,10,0,0,0.5,-0.5
Wormholes,92,20,1,1,False,0,........XXX.X.X...X.,6,11,6,10,-4,0,0.5,-0.5
Wormholes,93,20,1,1,False,0,.X.X.X.XXXXXXX.XX..X,13,8,13,10,3,0,0.5,-0.5
Wormholes,94,20,1,1,False,0,XXX......X.XX.X..XXX,10,11,10,10,0,0,0.5,-0.5
Wormholes,95,20,1,1,False,0,X..XXXXX......XX.X.X,10,11,10,10,0,0,0.5,-0.5
Wormholes,96,20,1,1,False,0,X.X.X..X.X..XXX....X,9,7,9,10,-1,0,0.5,-0.5
Wormholes,97,20,1,1,False,0,XXXXX.X.XXXXX.X.XXX.,15,10,15,10,5,0,0.5,-0.5
Wormholes,98,20,1,1,False,0,.X..X.X.XX..X...X..X,8,6,8,10,-2,0,0.5,-0.5
Wormholes,99,20,1,1,False,0,XXXX.X.XXX...XX.XX.X,13,9,13,10,3,0,0.5,-0.5
Wormholes,100,20,1,1,False,0,.XX.XXXX........X..X,8,12,8,10,-2,0,0.5,-0.5
Wormholes,1,20,1,1,True,0,XX..X.X.XXXX.X.XXXXX,14,9,14,10,4,0,0.5,-0.5
Wormholes,2,20,1,1,True,0,XX..X.XX...XXXXX.XX.,12,10,12,10,2,0,0.5,-0.5
Wormholes,3,20,1,1,True,0,...XXXXX.XXXX..XX...,11,13,11,10,1,0,0.5,-0.5
Wormholes,4,20,1,1,True,0,.XXX.X.X.XXXXX.X.XX.,13,7,13,10,3,0,0.5,-0.5
Wormholes,5,20,1,1,True,0,X.X..X.XXX.X...XXX.X,11,7,11,10,1,0,0.5,-0.5
Wormholes,6,20,1,1,True,0,XXX......XX.X...X.X.,8,10,8,10,-2,0,0.5,-0.5
Wormholes,7,20,1,1,True,0,X.XXXXXXXX.X...X...X,12,11,12,10,2,0,0.5,-0.5
Wormholes,8,20,1,1,True,0,..XXX...XXX....XXXXX,11,14,11,10,1,0,0.5,-0.5
Wormholes,9,20,1,1,True,0,XXXXX.XX.XXXXXXX.X..,15,12,15,10,5,0,0.5,-0.5
Wormholes,10,20,1,1,True,0,...X...X.....XXXX.X.,7,11,7,10,-3,0,0.5,-0.5
Wormholes,11,20,1,1,True,0,X.X..XX.X..XX..XXXXX,12,9,12,10,2,0,0.5,-0.5
Wormholes,12,20,1,1,True,0,.XXX.XX.X.XXXXX.X..X,13,8,13,10,3,0,0.5,-0.5
Wormholes,13,20,1,1,True,0,...XXX..X.X....XX..X,8,10,8,10,-2,0,0.5,-0.5
Wormholes,14,20,1,1,True,0,...X.XX.X..XX.X.....,7,9,7,10,-3,0,0.5,-0.5
Wormholes,15,20,1,1,True,0,XX.X..X.X....XX.X.X.,9,6,9,10,-1,0,0.5,-0.5
Wormholes,16,20,1,1,True,0,.XX..X.X.....XX..X..,7,9,7,10,-3,0,0.5,-0.5
Wormholes,17,20,1,1,True,0,X...XX..XXXX...X.X.X,10,9,10,10,0,0,0.5,-0.5
Wormholes,18,20,1,1,True,0,X.X.X...XXXXXXX.X.XX,13,9,13,10,3,0,0.5,-0.5
Wormholes,19,20,1,1,True,0,X.XX.XX.X.XX....XXX.,11,8,11,10,1,0,0.5,-0.5
Wormholes,20,20,1,1,True,0,...XX........XXX...X,6,14,6,10,-4,0,0.5,-0.5
Wormholes,21,20,1,1,True,0,....X.....XX.XX..X..,6,11,6,10,-4,0,0.5,-0.5
Wormholes,22,20,1,1,True,0,X.X.X.XX.....XX..X..,8,8,8,10,-2,0,0.5,-0.5
Wormholes,23,20,1,1,True,0,...X.XXXX.X...X.X.X.,9,7,9,10,-1,0,0.5,-0.5
Wormholes,24,20,1,1,True,0,X.X.XX....X.X.X...XX,9,7,9,10,-1,0,0.5,-0.5
Wormholes,25,20,1,1,True,0,X.X.XXXXXX.XXXX..X.X,14,9,14,10,4,0,0.5,-0.5
Wormholes,26,20,1,1,True,0,XX..X........XXXXX..,8,14,8,10,-2,0,0.5,-0.5
Wormholes,27,20,1,1,True,0,XXX.X.XX..XXXXX.XXXX,15,11,15,10,5,0,0.5,-0.5
Wormholes,28,20,1,1,True,0,..XXX...XXX......X..,7,13,7,10,-3,0,0.5,-0.5
Wormholes,29,20,1,1,True,0,X..XX.X.X..XX..X.XX.,10,6,10,10,0,0,0.5,-0.5
Wormholes,30,20,1,1,True,0,XX..XXXXXXX.X.X.XXXX,15,11,15,10,5,0,0.5,-0.5
Wormholes,31,20,1,1,True,0,XXX.X.X.XX.X.X......,9,8,9,10,-1,0,0.5,-0.5
Wormholes,32,20,1,1,True,0,..XX..XXXX..X..X.XXX,11,10,11,10,1,0,0.5,-0.5
Wormholes,33,20,1,1,True,0,X.XXXX..X.X.XXXXXXX.,14,10,14,10,4,0,0.5,-0.5
Wormholes,34,20,1,1,True,0,.X.X.X.X.X..X.XX.XX.,10,3,10,10,0,0,0.5,-0.5
Wormholes,35,20,1,1,True,0,...XXXXX.XXXX....XXX,12,14,12,10,2,0,0.5,-0.5
Wormholes,36,20,1,1,True,0,..X.XX..X.XX...X.XXX,10,8,10,10,0,0,0.5,-0.5
Wormholes,37,20,1,1,True,0,XX.XX.XXX..X.XX....X,11,9,11,10,1,0,0.5,-0.5
Wormholes,38,20,1,1,True,0,XX.X.X.XXX.X..X.XX.X,12,5,12,10,2,0,0.5,-0.5
Wormholes,39,20,1,1,True,0,X...XXX.XX.X..XX.XX.,11,8,11,10,1,0,0.5,-0.5
Wormholes,40,20,1,1,True,0,..X.XXX.XXXXXXX..XXX,14,12,14,10,4,0,0.5,-0.5
Wormholes,41,20,1,1,True,0,.....XXX...XXX...XX.,8,13,8,10,-2,0,0.5,-0.5
Wormholes,42,20,1,1,True,0,XXXXXX..X..X.XX.X.XX,13,9,13,10,3,0,0.5,-0.5
Wormholes,43,20,1,1,True,0,..X..X..XXX.....X.X.,7,9,7,10,-3,0,0.5,-0.5
Wormholes,44,20,1,1,True,0,..X..X.XXXXX..XX...X,10,10,10,10,0,0,0.5,-0.5
Wormholes,45,20,1,1,True,0,.XXXXXXXX.XX.X..XX..,13,11,13,10,3,0,0.5,-0.5
Wormholes,46,20,1,1,True,0,...XX............XXX,5,16,5,10,-5,0,0.5,-0.5
Wormholes,47,20,1,1,True,0,XX...X...XX...XX.XXX,10,11,10,10,0,0,0.5,-0.5
Wormholes,48,20,1,1,True,0,XX.XXX.X.XX.X..X..XX,12,7,12,10,2,0,0.5,-0.5
Wormholes,49,20,1,1,True,0,X.X.XXXX..X...XX....,9,10,9,10,-1,0,0.5,-0.5
Wormholes,50,20,1,1,True,0,..X....XXX.XX.X.X.X.,9,7,9,10,-1,0,0.5,-0.5
Wormholes,51,20,1,1,True,0,...XXXX.XX.XX.XXXX..,12,11,12,10,2,0,0.5,-0.5
Wormholes,52,20,1,1,True,0,..X.X.XXXX..XXXXX...,11,11,11,10,1,0,0.5,-0.5
Wormholes,53,20,1,1,True,0,XXXX..XX..X..XXX..X.,11,10,11,10,1,0,0.5,-0.5
Wormholes,54,20,1,1,True,0,XXX....XX..XX.X.XXXX,12,11,12,10,2,0,0.5,-0.5
Wormholes,55,20,1,1,True,0,X....X.X.XXX....X..X,8,9,8,10,-2,0,0.5,-0.5
Wormholes,56,20,1,1,True,0,.X.X.X....X....X.XX.,7,7,7,10,-3,0,0.5,-0.5
Wormholes,57,20,1,1,True,0,.XXXX..X.XX.....XX.X,10,10,10,10,0,0,0.5,-0.5
Wormholes,58,20,1,1,True,0,..X.XX..XX.XX..XX.X.,10,7,10,10,0,0,0.5,-0.5
Wormholes,59,20,1,1,True,0,.XXX.....XXXXX..X...,9,13,9,10,-1,0,0.5,-0.5
Wormholes,60,20,1,1,True,0,XXX.X...X.XX.XX.X..X,11,7,11,10,1,0,0.5,-0.5
Wormholes,61,20,1,1,True,0,.XXXX.....X....X.X..,7,11,7,10,-3,0,0.5,-0.5
Wormholes,62,20,1,1,True,0,.XX.XX.X...X.XXXX..X,11,8,11,10,1,0,0.5,-0.5
Wormholes,63,20,1,1,True,0,X..X.XXX.XX.X.X..X.X,11,5,11,10,1,0,0.5,-0.5
Wormholes,64,20,1,1,True,0,XXXXXXX.XX....XXX..X,13,13,13,10,3,0,0.5,-0.5
Wormholes,65,20,1,1,True,0,.X.XX...XX.X..XX...X,9,8,9,10,-1,0,0.5,-0.5
Wormholes,66,20,1,1,True,0,X...XXX..XXXXXX....X,11,13,11,10,1,0,0.5,-0.5
Wormholes,67,20,1,1,True,0,XX..X.X...XXXX..X.XX,11,9,11,10,1,0,0.5,-0.5
Wormholes,68,20,1,1,True,0,.X.XXXX..XX..XX..XXX,12,10,12,10,2,0,0.5,-0.5
Wormholes,69,20,1,1,True,0,.X.X....X.XXX..X..X.,8,7,8,10,-2,0,0.5,-0.5
Wormholes,70,20,1,1,True,0,XXXXX.X..X....X....X,9,11,9,10,-1,0,0.5,-0.5
Wormholes,71,20,1,1,True,0,XX.XX.X.X.X.XXXX....,11,8,11,10,1,0,0.5,-0.5
Wormholes,72,20,1,1,True,0,XXX..XX.XX...XXX....,10,12,10,10,0,0,0.5,-0.5
Wormholes,73,20,1,1,True,0,..X........XXXXXX.XX,9,14,9,10,-1,0,0.5,-0.5
Wormholes,74,20,1,1,True,0,.X...X.XX.XX...X...X,8,8,8,10,-2,0,0.5,-0.5
Wormholes,75,20,1,1,True,0,XX...X.XXXXXXXXXX...,13,14,13,10,3,0,0.5,-0.5
Wormholes,76,20,1,1,True,0,XX.X.XX....XX..XXX..,10,10,10,10,0,0,0.5,-0.5
Wormholes,77,20,1,1,True,0,.XX..XX.X..X...XXX..,9,9,9,10,-1,0,0.5,-0.5
Wormholes,78,20,1,1,True,0,..XX.X.X..X.X..X..X.,8,5,8,10,-2,0,0.5,-0.5
Wormholes,79,20,1,1,True,0,XXX....XXX...X..XX..,9,12,9,10,-1,0,0.5,-0.5
Wormholes,80,20,1,1,True,0,.XXX.XX...X...X.XXX.,10,9,10,10,0,0,0.5,-0.5
Wormholes,81,20,1,1,True,0,X....X..X..X.XXX.X..,8,8,8,10,-2,0,0.5,-0.5
Wormholes,82,20,1,1,True,0,.XX.X..X..XX..X....X,8,8,8,10,-2,0,0.5,-0.5
Wormholes,83,20,1,1,True,0,X...X.....XX.....X..,5,12,5,10,-5,0,0.5,-0.5
Wormholes,84,20,1,1,True,0,XXX.....XXX......X.X,8,13,8,10,-2,0,0.5,-0.5
Wormholes,85,20,1,1,True,0,XX....XXX..X.XX.X.X.,10,8,10,10,0,0,0.5,-0.5
Wormholes,86,20,1,1,True,0,X.XX.X.X.XX.XX..XX.X,12,5,12,10,2,0,0.5,-0.5
Wormholes,87,20,1,1,True,0,..X.XXX...X..XX.XX.X,10,8,10,10,0,0,0.5,-0.5
Wormholes,88,20,1,1,True,0,XX..X.XX.XXXXX..XXXX,14,11,14,10,4,0,0.5,-0.5
Wormholes,89,20,1,1,True,0,....X.XX.XX...XX..X.,8,9,8,10,-2,0,0.5,-0.5
Wormholes,90,20,1,1,True,0,...XXX.XX...X.X..X.X,9,8,9,10,-1,0,0.5,-0.5
Wormholes,91,20,1,1,True,0,XX.XXXXX..X.X..X...X,11,9,11,10,1,0,0.5,-0.5
Wormholes,92,20,1,1,True,0,XX..XX...X.X..X..X..,8,8,8,10,-2,0,0.5,-0.5
Wormholes,93,20,1,1,True,0,XX.X...XXXXX.XXXXX..,13,12,13,10,3,0,0.5,-0.5
Wormholes,94,20,1,1,True,0,X.XXXX.X...XX.X.XXX.,12,8,12,10,2,0,0.5,-0.5
Wormholes,95,20,1,1,True,0,.X.X.XX........X.X..,6,9,6,10,-4,0,0.5,-0.5
Wormholes,96,20,1,1,True,0,..X...X...XXX.XX..XX,9,10,9,10,-1,0,0.5,-0.5
Wormholes,97,20,1,1,True,0,.X.XXX.X.X.XXXXX..XX,13,8,13,10,3,0,0.5,-0.5
Wormholes,98,20,1,1,True,0,X..XX.XXX....X......,7,12,7,10,-3,0,0.5,-0.5
Wormholes,99,20,1,1,True,0,.X..X.X.X.XX........,6,9,6,10,-4,0,0.5,-0.5
Wormholes,100,20,1,1,True,0,...X.XXXX.XXXX..X...,10,11,10,10,0,0,0.5,-0.5
Wormholes,1,20,1,1,False,0.5,..X.XXX...X....XXXXX,10,12,10,10,0,0,0.5,-0.5
Wormholes,2,20,1,1,False,0.5,.X.X.X....X.XX..X...,7,7,7,10,-3,0,0.5,-0.5
Wormholes,3,20,1,1,False,0.5,..XXX...X...X.XX.XX.,9,9,9,10,-1,0,0.5,-0.5
Wormholes,4,20,1,1,False,0.5,X.XXX.X......X.XXXX.,10,10,10,10,0,0,0.5,-0.5
Wormholes,5,20,1,1,False,0.5,XXX.XX.X..X.X....XXX,11,9,11,10,1,0,0.5,-0.5
Wormholes,6,20,1,1,False,0.5,XX.X.XX..XX.XXX..X.X,12,7,12,10,2,0,0.5,-0.5
Wormholes,7,20,1,1,False,0.5,X...X.XX.X...XXXXXXX,12,11,12,10,2,0,0.5,-0.5
Wormholes,8,20,1,1,False,0.5,..X..X...XX.XX....X.,7,9,7,10,-3,0,0.5,-0.5
Wormholes,9,20,1,1,False,0.5,XX....XXXX......XXXX,10,15,10,10,0,0,0.5,-0.5
Wormholes,10,20,1,1,False,0.5,XXX.....X.XXXX..X...,9,12,9,10,-1,0,0.5,-0.5
Wormholes,11,20,1,1,False,0.5,..XXXX.XX.X......X..,8,11,8,10,-2,0,0.5,-0.5
Wormholes,12,20,1,1,False,0.5,.X.X.X.XX..X..X..XX.,9,5,9,10,-1,0,0.5,-0.5
Wormholes,13,20,1,1,False,0.5,...XX.X.XXX.........,6,13,6,10,-4,0,0.5,-0.5
Wormholes,14,20,1,1,False,0.5,.X.XXX.XXX.X...X...X,10,8,10,10,0,0,0.5,-0.5
Wormholes,15,20,1,1,False,0.5,.....X..X.XXX.X.XXXX,10,10,10,10,0,0,0.5,-0.5
Wormholes,16,20,1,1,False,0.5,.X.XXXX.XX.XX..XX..X,12,8,12,10,2,0,0.5,-0.5
Wormholes,17,20,1,1,False,0.5,..X...X.X.XXX.....XX,8,10,8,10,-2,0,0.5,-0.5
Wormholes,18,20,1,1,False,0.5,.X.......XX.X.XXXXXX,10,12,10,10,0,0,0.5,-0.5
Wormholes,19,20,1,1,False,0.5,.X.XXX.XX.XXXXX.XX..,13,9,13,10,3,0,0.5,-0.5
Wormholes,20,20,1,1,False,0.5,.X.X.X.XX.XXX.......,8,9,8,10,-2,0,0.5,-0.5
Wormholes,21,20,1,1,False,0.5,..XXX.....XX.....XXX,8,14,8,10,-2,0,0.5,-0.5
Wormholes,22,20,1,1,False,0.5,.....XX..XX......X..,5,13,5,10,-5,0,0.5,-0.5
Wormholes,23,20,1,1,False,0.5,X...XX..X.....X....X,6,11,6,10,-4,0,0.5,-0.5
Wormholes,24,20,1,1,False,0.5,XX.X..X..X.X.XXXX.X.,11,6,11,10,1,0,0.5,-0.5
Wormholes,25,20,1,1,False,0.5,X.X..XXX.XXXX......X,10,11,10,10,0,0,0.5,-0.5
Wormholes,26,20,1,1,False,0.5,XX.X.XX.X......X..X.,8,8,8,10,-2,0,0.5,-0.5
Wormholes,27,20,1,1,False,0.5,XXX..XX......XXXXXX.,11,14,11,10,1,0,0.5,-0.5
Wormholes,28,20,1,1,False,0.5,....X.X.X...XXXX.XX.,9,9,9,10,-1,0,0.5,-0.5
Wormholes,29,20,1,1,False,0.5,.XX.X.X....X.X.X.X.X,9,4,9,10,-1,0,0.5,-0.5
Wormholes,30,20,1,1,False,0.5,X..XXX.X.X.....XXX.X,10,9,10,10,0,0,0.5,-0.5
Wormholes,31,20,1,1,False,0.5,X.X.XXX..X..XXX..X..,10,8,10,10,0,0,0.5,-0.5
Wormholes,32,20,1,1,False,0.5,.XX.XX..XXXXXXXXXX..,14,13,14,10,4,0,0.5,-0.5
Wormholes,33,20,1,1,False,0.5,X.XXXX....X.X.XX..XX,11,9,11,10,1,0,0.5,-0.5
Wormholes,34,20,1,1,False,0.5,..X.....XX......XX.X,6,12,6,10,-4,0,0.5,-0.5
Wormholes,35,20,1,1,False,0.5,.X.XX.X..XX.X....XX.,9,7,9,10,-1,0,0.5,-0.5
Wormholes,36,20,1,1,False,0.5,....X.X..XXX.X.X....,7,9,7,10,-3,0,0.5,-0.5
Wormholes,37,20,1,1,False,0.5,X....XX...XXXX..X.XX,10,11,10,10,0,0,0.5,-0.5
Wormholes,38,20,1,1,False,0.5,XX.XX..X.X....X..XXX,10,9,10,10,0,0,0.5,-0.5
Wormholes,39,20,1,1,False,0.5,XXX..XX....XX...X.XX,10,11,10,10,0,0,0.5,-0.5
Wormholes,40,20,1,1,False,0.5,X.....XXX.X...XX.XXX,10,11,10,10,0,0,0.5,-0.5
Wormholes,41,20,1,1,False,0.5,.......X.XXXX.X..XX.,8,11,8,10,-2,0,0.5,-0.5
Wormholes,42,20,1,1,False,0.5,X...XX...X.XX..X...X,8,9,8,10,-2,0,0.5,-0.5
Wormholes,43,20,1,1,False,0.5,..X...XXXXXXXXXXXX.X,14,14,14,10,4,0,0.5,-0.5
Wormholes,44,20,1,1,False,0.5,XXX.....X.XX...XX.XX,10,11,10,10,0,0,0.5,-0.5
Wormholes,45,20,1,1,False,0.5,X...XXX..X..X.X.XX.X,10,7,10,10,0,0,0.5,-0.5
Wormholes,46,20,1,1,False,0.5,X.X...X..XX.XX...XXX,10,9,10,10,0,0,0.5,-0.5
Wormholes,47,20,1,1,False,0.5,XX...XX...XXX..X.XX.,10,10,10,10,0,0,0.5,-0.5
Wormholes,48,20,1,1,False,0.5,X..X..XXXX..X..XXX.X,11,9,11,10,1,0,0.5,-0.5
Wormholes,49,20,1,1,False,0.5,XXX..XXXXX.XX.XXXXXX,16,13,16,10,6,0,0.5,-0.5
Wormholes,50,20,1,1,False,0.5,...X.....X...X.XX.X.,6,9,6,10,-4,0,0.5,-0.5
Wormholes,51,20,1,1,False,0.5,.XXX.XX..XX.....XXX.,10,11,10,10,0,0,0.5,-0.5
Wormholes,52,20,1,1,False,0.5,X..X.X..XXX.......XX,8,11,8,10,-2,0,0.5,-0.5
Wormholes,53,20,1,1,False,0.5,XXX.XX...X....XXX.X.,10,10,10,10,0,0,0.5,-0.5
Wormholes,54,20,1,1,False,0.5,...XX..XXX.X...XXXXX,11,12,11,10,1,0,0.5,-0.5
Wormholes,55,20,1,1,False,0.5,..XX.X....XXXXXXXX.X,12,12,12,10,2,0,0.5,-0.5
Wormholes,56,20,1,1,False,0.5,...X...X......X.....,3,13,3,10,-7,0,0.5,-0.5
Wormholes,57,20,1,1,False,0.5,...XX.XX.XX.XXXX.X..,11,9,11,10,1,0,0.5,-0.5
Wormholes,58,20,1,1,False,0.5,X...XX...X.XXXXX...X,10,11,10,10,0,0,0.5,-0.5
Wormholes,59,20,1,1,False,0.5,XX.X..X...XXXX.XX..X,11,9,11,10,1,0,0.5,-0.5
Wormholes,60,20,1,1,False,0.5,..XX..........X...X.,4,13,4,10,-6,0,0.5,-0.5
Wormholes,61,20,1,1,False,0.5,X..X.......XXX..XX..,7,12,7,10,-3,0,0.5,-0.5
Wormholes,62,20,1,1,False,0.5,X.....XXX..XXXXXXX..,11,14,11,10,1,0,0.5,-0.5
Wormholes,63,20,1,1,False,0.5,X...X..X..X.XXX.XX..,9,8,9,10,-1,0,0.5,-0.5
Wormholes,64,20,1,1,False,0.5,.X..X....XX.XX.XX.X.,9,7,9,10,-1,0,0.5,-0.5
Wormholes,65,20,1,1,False,0.5,.XXX..X..X.XX..X.XX.,10,7,10,10,0,0,0.5,-0.5
Wormholes,66,20,1,1,False,0.5,...X.XX...X..X.X..XX,8,8,8,10,-2,0,0.5,-0.5
Wormholes,67,20,1,1,False,0.5,X...X.X.XXXXX...XX.X,11,9,11,10,1,0,0.5,-0.5
Wormholes,68,20,1,1,False,0.5,.XX.X.X.XX..XX...X.X,10,6,10,10,0,0,0.5,-0.5
Wormholes,69,20,1,1,False,0.5,X..X.X.X..X...XX.X..,8,6,8,10,-2,0,0.5,-0.5
Wormholes,70,20,1,1,False,0.5,X..X..XX....XXX..X..,8,10,8,10,-2,0,0.5,-0.5
Wormholes,71,20,1,1,False,0.5,.XXX.XX.X.X..XXXXX.X,13,8,13,10,3,0,0.5,-0.5
Wormholes,72,20,1,1,False,0.5,X...XXXX.X..XX...X.X,10,9,10,10,0,0,0.5,-0.5
Wormholes,73,20,1,1,False,0.5,.XXX..X.XXX.X.X.X.X.,11,5,11,10,1,0,0.5,-0.5
Wormholes,74,20,1,1,False,0.5,X..XX.X...X.X.XX.X.X,10,5,10,10,0,0,0.5,-0.5
Wormholes,75,20,1,1,False,0.5,XXXXXX.X..XXXXX.XX..,14,12,14,10,4,0,0.5,-0.5
Wormholes,76,20,1,1,False,0.5,.XX...X..XXX.XX.....,8,11,8,10,-2,0,0.5,-0.5
Wormholes,77,20,1,1,False,0.5,X.X.X.XXX.XX..X...X.,10,6,10,10,0,0,0.5,-0.5
Wormholes,78,20,1,1,False,0.5,....X..X.XX.X.X...X.,7,7,7,10,-3,0,0.5,-0.5
Wormholes,79,20,1,1,False,0.5,.XX...X.X.X.XXXX...X,10,8,10,10,0,0,0.5,-0.5
Wormholes,80,20,1,1,False,0.5,.X.X...XXX..X.XX....,8,9,8,10,-2,0,0.5,-0.5
Wormholes,81,20,1,1,False,0.5,XXXX.....XX....X.X..,8,12,8,10,-2,0,0.5,-0.5
Wormholes,82,20,1,1,False,0.5,...XX.X...X.XXXX...X,9,10,9,10,-1,0,0.5,-0.5
Wormholes,83,20,1,1,False,0.5,.X..X..X...X...X..X.,6,7,6,10,-4,0,0.5,-0.5
Wormholes,84,20,1,1,False,0.5,X.XX.XX.XXXX..XXX.X.,13,8,13,10,3,0,0.5,-0.5
Wormholes,85,20,1,1,False,0.5,X.X.X....X...XX..X.X,8,7,8,10,-2,0,0.5,-0.5
Wormholes,86,20,1,1,False,0.5,X.XXX.XXXXXXX.XX.XX.,15,10,15,10,5,0,0.5,-0.5
Wormholes,87,20,1,1,False,0.5,X..X...X.....XX.X..X,7,9,7,10,-3,0,0.5,-0.5
Wormholes,88,20,1,1,False,0.5,..XXX..XX...XXXXX.X.,11,11,11,10,1,0,0.5,-0.5
Wormholes,89,20,1,1,False,0.5,XXXX.X.X.X...XXX..XX,12,9,12,10,2,0,0.5,-0.5
Wormholes,90,20,1,1,False,0.5,X.XX.XX..XXX.X..X..X,11,7,11,10,1,0,0.5,-0.5
Wormholes,91,20,1,1,False,0.5,XXX.XX.X...X....XXXX,11,11,11,10,1,0,0.5,-0.5
Wormholes,92,20,1,1,False,0.5,.XXX.......XXX......,6,15,6,10,-4,0,0.5,-0.5
Wormholes,93,20,1,1,False,0.5,.X.X.X..XXXXXX.....X,10,10,10,10,0,0,0.5,-0.5
Wormholes,94,20,1,1,False,0.5,XX..X....XXXX.X.XX.X,11,9,11,10,1,0,0.5,-0.5
Wormholes,95,20,1,1,False,0.5,X..X..X.XXX...X..XXX,10,9,10,10,0,0,0.5,-0.5
Wormholes,96,20,1,1,False,0.5,X.X.X.XXX......XXX.X,10,9,10,10,0,0,0.5,-0.5
Wormholes,97,20,1,1,False,0.5,....X.X...XXX...XX.X,8,10,8,10,-2,0,0.5,-0.5
Wormholes,98,20,1,1,False,0.5,XXXX..X..XX..XX...XX,11,11,11,10,1,0,0.5,-0.5
Wormholes,99,20,1,1,False,0.5,X.XX.....XX.XX..X.X.,9,8,9,10,-1,0,0.5,-0.5
Wormholes,100,20,1,1,False,0.5,..X..XX...X..X...X.X,7,8,7,10,-3,0,0.5,-0.5
Wormholes,1,20,1,1,True,0.5,....X.XXX..XX..X.X.X,9,8,9,10,-1,0,0.5,-0.5
Wormholes,2,20,1,1,True,0.5,..XXXXXX..X.X.XX...X,11,10,11,10,1,0,0.5,-0.5
Wormholes,3,20,1,1,True,0.5,...XX.X.X..X....X..X,7,8,7,10,-3,0,0.5,-0.5
Wormholes,4,20,1,1,True,0.5,..X...XX.XX..XX.X.X.,9,7,9,10,-1,0,0.5,-0.5
Wormholes,5,20,1,1,True,0.5,.X...XX.XXXX..XXXXXX,13,12,13,10,3,0,0.5,-0.5
Wormholes,6,20,1,1,True,0.5,......XX.X.X.XXXX..X,9,10,9,10,-1,0,0.5,-0.5
Wormholes,7,20,1,1,True,0.5,.XX..X.XXXXXX....X..,10,11,10,10,0,0,0.5,-0.5
Wormholes,8,20,1,1,True,0.5,..X.X...XX.....XXX.X,8,10,8,10,-2,0,0.5,-0.5
Wormholes,9,20,1,1,True,0.5,X.XX....X.XXX...XXX.,10,10,10,10,0,0,0.5,-0.5
Wormholes,10,20,1,1,True,0.5,X.......X..X.XXX...X,7,11,7,10,-3,0,0.5,-0.5
Wormholes,11,20,1,1,True,0.5,..X.XX...X..X.XX....,7,9,7,10,-3,0,0.5,-0.5
Wormholes,12,20,1,1,True,0.5,.XX...XXX...XX.X....,8,11,8,10,-2,0,0.5,-0.5
Wormholes,13,20,1,1,True,0.5,.XXX.X...X.X....X.X.,8,7,8,10,-2,0,0.5,-0.5
Wormholes,14,20,1,1,True,0.5,X.X.X.X...X.XXXXX.XX,12,7,12,10,2,0,0.5,-0.5
Wormholes,15,20,1,1,True,0.5,..X..XX.X.XXX..XX.XX,11,8,11,10,1,0,0.5,-0.5
Wormholes,16,20,1,1,True,0.5,X.X.X.X.X.XX....XXX.,10,6,10,10,0,0,0.5,-0.5
Wormholes,17,20,1,1,True,0.5,XXXX....X.X.X....XX.,9,10,9,10,-1,0,0.5,-0.5
Wormholes,18,20,1,1,True,0.5,XXXX...X..XX..XX..XX,11,11,11,10,1,0,0.5,-0.5
Wormholes,19,20,1,1,True,0.5,...X.X.XXX.XXXXX..X.,11,9,11,10,1,0,0.5,-0.5
Wormholes,20,20,1,1,True,0.5,....X.....XX.X.XXXX.,8,11,8,10,-2,0,0.5,-0.5
Wormholes,21,20,1,1,True,0.5,.X....XX..X..XX.X.XX,9,8,9,10,-1,0,0.5,-0.5
Wormholes,22,20,1,1,True,0.5,.X.X...XXX..X.XXX...,9,9,9,10,-1,0,0.5,-0.5
Wormholes,23,20,1,1,True,0.5,XX....XXX.XX.XXX.X.X,12,9,12,10,2,0,0.5,-0.5
Wormholes,24,20,1,1,True,0.5,.XXXX.X..X.XX......X,9,10,9,10,-1,0,0.5,-0.5
Wormholes,25,20,1,1,True,0.5,.....X.....XX.XXX.X.,7,11,7,10,-3,0,0.5,-0.5
Wormholes,26,20,1,1,True,0.5,XXX.X.X.X...X.XXX..X,11,7,11,10,1,0,0.5,-0.5
Wormholes,27,20,1,1,True,0.5,..XXXXXX..XXXXX.X..X,13,12,13,10,3,0,0.5,-0.5
Wormholes,28,20,1,1,True,0.5,.....XXX..XX...X.XX.,8,11,8,10,-2,0,0.5,-0.5
Wormholes,29,20,1,1,True,0.5,XXXXXXX...XX..X.XX..,12,12,12,10,2,0,0.5,-0.5
Wormholes,30,20,1,1,True,0.5,X.XX...XX.X....XXX..,9,10,9,10,-1,0,0.5,-0.5
Wormholes,31,20,1,1,True,0.5,X.XXX.XX..X..XXXX.X.,12,8,12,10,2,0,0.5,-0.5
Wormholes,32,20,1,1,True,0.5,X..XXX..X.X.X.X.XXXX,12,7,12,10,2,0,0.5,-0.5
Wormholes,33,20,1,1,True,0.5,......XX.X.X..X.XX..,7,9,7,10,-3,0,0.5,-0.5
Wormholes,34,20,1,1,True,0.5,X.X.XXXXX.X.XX..X.XX,13,7,13,10,3,0,0.5,-0.5
Wormholes,35,20,1,1,True,0.5,XX..XXXXXXXXXXXXX...,15,16,15,10,5,0,0.5,-0.5
Wormholes,36,20,1,1,True,0.5,X.XX.X.X.XXXXXXX.XX.,14,8,14,10,4,0,0.5,-0.5
Wormholes,37,20,1,1,True,0.5,X.XX.X.XXX.X.X.X..XX,12,5,12,10,2,0,0.5,-0.5
Wormholes,38,20,1,1,True,0.5,X.X..X...X.X.X.XX.XX,10,5,10,10,0,0,0.5,-0.5
Wormholes,39,20,1,1,True,0.5,......X.XX...X......,4,13,4,10,-6,0,0.5,-0.5
Wormholes,40,20,1,1,True,0.5,......X..X.X...X.X..,5,9,5,10,-5,0,0.5,-0.5
Wormholes,41,20,1,1,True,0.5,X..XXX......X.XX.X..,8,10,8,10,-2,0,0.5,-0.5
Wormholes,42,20,1,1,True,0.5,.X..X....X..XX..X..X,7,8,7,10,-3,0,0.5,-0.5
Wormholes,43,20,1,1,True,0.5,..XXX..XXXXXXX...X.X,12,12,12,10,2,0,0.5,-0.5
Wormholes,44,20,1,1,True,0.5,.XX....X...X.X.X.XXX,9,8,9,10,-1,0,0.5,-0.5
Wormholes,45,20,1,1,True,0.5,.XX.X...X.X.X..X.X..,8,5,8,10,-2,0,0.5,-0.5
Wormholes,46,20,1,1,True,0.5,XXXX.X...XXXX.X..XX.,12,10,12,10,2,0,0.5,-0.5
Wormholes,47,20,1,1,True,0.5,.XXX.X.XXXX.XX.X..XX,13,8,13,10,3,0,0.5,-0.5
Wormholes,48,20,1,1,True,0.5,..XXXXX.XXXXX.....XX,12,14,12,10,2,0,0.5,-0.5
Wormholes,49,20,1,1,True,0.5,...X..XXXX.XX.XXXXXX,13,12,13,10,3,0,0.5,-0.5
Wormholes,50,20,1,1,True,0.5,X..XXX..XX.X..XXX..X,11,9,11,10,1,0,0.5,-0.5
Wormholes,51,20,1,1,True,0.5,.X..X.....XXXX.XX.X.,9,9,9,10,-1,0,0.5,-0.5
Wormholes,52,20,1,1,True,0.5,X..XXXX.XXXX.X.XXX..,13,10,13,10,3,0,0.5,-0.5
Wormholes,53,20,1,1,True,0.5,XX.XX......XX.....XX,8,13,8,10,-2,0,0.5,-0.5
Wormholes,54,20,1,1,True,0.5,X.XXX.X..X..XX.X....,9,8,9,10,-1,0,0.5,-0.5
Wormholes,55,20,1,1,True,0.5,.XXXXX.XXXX...X.XX.X,13,10,13,10,3,0,0.5,-0.5
Wormholes,56,20,1,1,True,0.5,XXX....XXXX...X..XX.,10,12,10,10,0,0,0.5,-0.5
Wormholes,57,20,1,1,True,0.5,.XX..XXXXXX..X.XX...,11,11,11,10,1,0,0.5,-0.5
Wormholes,58,20,1,1,True,0.5,XXX.....X...X..XXXXX,10,13,10,10,0,0,0.5,-0.5
Wormholes,59,20,1,1,True,0.5,X.X.X...X.XXX...XX..,9,8,9,10,-1,0,0.5,-0.5
Wormholes,60,20,1,1,True,0.5,.X.XX..XXXXXXXX..X..,12,11,12,10,2,0,0.5,-0.5
Wormholes,61,20,1,1,True,0.5,....XX..XXX.XX.X...X,9,10,9,10,-1,0,0.5,-0.5
Wormholes,62,20,1,1,True,0.5,.X.XXX.X.XX.......X.,8,9,8,10,-2,0,0.5,-0.5
Wormholes,63,20,1,1,True,0.5,X.XX.XX..XXX..XX..XX,12,9,12,10,2,0,0.5,-0.5
Wormholes,64,20,1,1,True,0.5,..XXXXXXX...X...X.X.,10,11,10,10,0,0,0.5,-0.5
Wormholes,65,20,1,1,True,0.5,X.X.XXX..XXX.XXXXX.X,14,9,14,10,4,0,0.5,-0.5
Wormholes,66,20,1,1,True,0.5,.X.X...XX.X.X....XXX,9,8,9,10,-1,0,0.5,-0.5
Wormholes,67,20,1,1,True,0.5,XX...XXX.XX....X..XX,10,11,10,10,0,0,0.5,-0.5
Wormholes,68,20,1,1,True,0.5,XXXXXX....XXX.X.XX.X,13,11,13,10,3,0,0.5,-0.5
Wormholes,69,20,1,1,True,0.5,..X.X.XX.X..XXXXXX..,11,9,11,10,1,0,0.5,-0.5
Wormholes,70,20,1,1,True,0.5,XX.XX...X.XXXXX..X..,11,10,11,10,1,0,0.5,-0.5
Wormholes,71,20,1,1,True,0.5,X.....X.XX...XXXX.X.,9,10,9,10,-1,0,0.5,-0.5
Wormholes,72,20,1,1,True,0.5,X..XX.X.X..XX.XXX.XX,12,7,12,10,2,0,0.5,-0.5
Wormholes,73,20,1,1,True,0.5,.XX....X...X..X.XXX.,8,9,8,10,-2,0,0.5,-0.5
Wormholes,74,20,1,1,True,0.5,.X.X..X.X.....XX.X.X,8,6,8,10,-2,0,0.5,-0.5
Wormholes,75,20,1,1,True,0.5,........X.X.X....XXX,6,12,6,10,-4,0,0.5,-0.5
Wormholes,76,20,1,1,True,0.5,.X.XXX.X...X...XX.XX,10,8,10,10,0,0,0.5,-0.5
Wormholes,77,20,1,1,True,0.5,...X..XXXX.XXX.XXX.X,12,10,12,10,2,0,0.5,-0.5
Wormholes,78,20,1,1,True,0.5,X...X..XXXXXX.XX...X,11,11,11,10,1,0,0.5,-0.5
Wormholes,79,20,1,1,True,0.5,X..X.XX.XXXX....XXX.,11,10,11,10,1,0,0.5,-0.5
Wormholes,80,20,1,1,True,0.5,X.X...XX...X.......X,6,11,6,10,-4,0,0.5,-0.5
Wormholes,81,20,1,1,True,0.5,..X.XX....X.X..X....,6,9,6,10,-4,0,0.5,-0.5
Wormholes,82,20,1,1,True,0.5,X.XX.X.X.XX.X...X..X,10,5,10,10,0,0,0.5,-0.5
Wormholes,83,20,1,1,True,0.5,.XX...XXXXXXXX.X..X.,12,11,12,10,2,0,0.5,-0.5
Wormholes,84,20,1,1,True,0.5,XX......XX.....X..XX,7,13,7,10,-3,0,0.5,-0.5
Wormholes,85,20,1,1,True,0.5,X.XXX.XX.XXXXX.XX...,13,10,13,10,3,0,0.5,-0.5
Wormholes,86,20,1,1,True,0.5,.X.X.XX...XXXXXXXXX.,13,11,13,10,3,0,0.5,-0.5
Wormholes,87,20,1,1,True,0.5,X.XX.X.XXX.X.XX..X.X,12,5,12,10,2,0,0.5,-0.5
Wormholes,88,20,1,1,True,0.5,...X..XX.X.X.X.XXXX.,10,7,10,10,0,0,0.5,-0.5
Wormholes,89,20,1,1,True,0.5,X.X..X.....XXXXXX.X.,10,10,10,10,0,0,0.5,-0.5
Wormholes,90,20,1,1,True,0.5,..XXXXX.X...XXXX.X.X,12,10,12,10,2,0,0.5,-0.5
Wormholes,91,20,1,1,True,0.5,X...X..XXXXXXX.XXX..,12,12,12,10,2,0,0.5,-0.5
Wormholes,92,20,1,1,True,0.5,.....XX..X.X..XXX..X,8,10,8,10,-2,0,0.5,-0.5
Wormholes,93,20,1,1,True,0.5,....XX..XX....XXXXX.,9,13,9,10,-1,0,0.5,-0.5
Wormholes,94,20,1,1,True,0.5,.X.XX.X.X....X.XX..X,9,6,9,10,-1,0,0.5,-0.5
Wormholes,95,20,1,1,True,0.5,.X.X..X.XXXXX..X...X,10,8,10,10,0,0,0.5,-0.5
Wormholes,96,20,1,1,True,0.5,X.X...X.X..X..X.X...,7,6,7,10,-3,0,0.5,-0.5
Wormholes,97,20,1,1,True,0.5,.XXXXX....X.XX..XX.X,11,10,11,10,1,0,0.5,-0.5
Wormholes,98,20,1,1,True,0.5,....XXX..XX..X.X.X..,8,9,8,10,-2,0,0.5,-0.5
Wormholes,99,20,1,1,True,0.5,.XXXXXXX..X.X...XX.X,12,10,12,10,2,0,0.5,-0.5
Wormholes,100,20,1,1,True,0.5,.XX.X..XX..X.X.X....,8,7,8,10,-2,0,0.5,-0.5
Wormholes,1,10,1,1,True,0,..X..XX...,3,5,3,5,-2,0,0.5,-0.5
Wormholes,2,10,1,1,True,0,X....X....,2,6,2,5,-3,0,0.5,-0.5
Wormholes,3,10,1,1,True,0,..XXXXXX.X,7,6,7,5,2,0,0.5,-0.5
Wormholes,4,10,1,1,True,0,.....X...X,2,6,2,5,-3,0,0.5,-0.5
Wormholes,5,10,1,1,True,0,X.X..X....,3,4,3,5,-2,0,0.5,-0.5
Wormholes,6,10,1,1,True,0,X.....XX..,3,6,3,5,-2,0,0.5,-0.5
Wormholes,7,10,1,1,True,0,..X.X.XXX.,5,3,5,5,0,0,0.5,-0.5
Wormholes,8,10,1,1,True,0,..X.X..X..,3,3,3,5,-2,0,0.5,-0.5
Wormholes,9,10,1,1,True,0,.X..XX....,3,5,3,5,-2,0,0.5,-0.5
Wormholes,10,10,1,1,True,0,.XXXXXX.X.,7,5,7,5,2,0,0.5,-0.5
Wormholes,11,10,1,1,True,0,X.X...XX.X,5,3,5,5,0,0,0.5,-0.5
Wormholes,12,10,1,1,True,0,....X...XX,3,6,3,5,-2,0,0.5,-0.5
Wormholes,13,10,1,1,True,0,.XXX.X.X..,5,3,5,5,0,0,0.5,-0.5
Wormholes,14,10,1,1,True,0,..X.XX..X.,4,3,4,5,-1,0,0.5,-0.5
Wormholes,15,10,1,1,True,0,.XX..X.XX.,5,3,5,5,0,0,0.5,-0.5
Wormholes,16,10,1,1,True,0,X....XXX.X,5,5,5,5,0,0,0.5,-0.5
Wormholes,17,10,1,1,True,0,X.XX..X...,4,4,4,5,-1,0,0.5,-0.5
Wormholes,18,10,1,1,True,0,XXXXXXXXX.,9,8,9,5,4,0,0.5,-0.5
Wormholes,19,10,1,1,True,0,..X.XX..X.,4,3,4,5,-1,0,0.5,-0.5
Wormholes,20,10,1,1,True,0,..X...X...,2,5,2,5,-3,0,0.5,-0.5
Wormholes,21,10,1,1,True,0,..XX.X.XX.,5,3,5,5,0,0,0.5,-0.5
Wormholes,22,10,1,1,True,0,....XX.X.X,4,4,4,5,-1,0,0.5,-0.5
Wormholes,23,10,1,1,True,0,....XX.XX.,4,5,4,5,-1,0,0.5,-0.5
Wormholes,24,10,1,1,True,0,XX.XXXXX..,7,6,7,5,2,0,0.5,-0.5
Wormholes,25,10,1,1,True,0,X.XXXX.X.X,7,3,7,5,2,0,0.5,-0.5
Wormholes,26,10,1,1,True,0,XX....XXX.,5,6,5,5,0,0,0.5,-0.5
Wormholes,27,10,1,1,True,0,XX...XX.X.,5,4,5,5,0,0,0.5,-0.5
Wormholes,28,10,1,1,True,0,...XX..X.X,4,4,4,5,-1,0,0.5,-0.5
Wormholes,29,10,1,1,True,0,.X.X...X..,3,3,3,5,-2,0,0.5,-0.5
Wormholes,30,10,1,1,True,0,XX.XX...X.,5,4,5,5,0,0,0.5,-0.5
Wormholes,31,10,1,1,True,0,..XXX..XX.,5,5,5,5,0,0,0.5,-0.5
Wormholes,32,10,1,1,True,0,XXX.....XX,5,7,5,5,0,0,0.5,-0.5
Wormholes,33,10,1,1,True,0,X...X..X..,3,4,3,5,-2,0,0.5,-0.5
Wormholes,34,10,1,1,True,0,X.X...XX.X,5,3,5,5,0,0,0.5,-0.5
Wormholes,35,10,1,1,True,0,.....XX.X.,3,5,3,5,-2,0,0.5,-0.5
Wormholes,36,10,1,1,True,0,X.XX..X...,4,4,4,5,-1,0,0.5,-0.5
Wormholes,37,10,1,1,True,0,XX.XXXXX..,7,6,7,5,2,0,0.5,-0.5
Wormholes,38,10,1,1,True,0,XX...XX...,4,6,4,5,-1,0,0.5,-0.5
Wormholes,39,10,1,1,True,0,.X.X.XXX..,5,3,5,5,0,0,0.5,-0.5
Wormholes,40,10,1,1,True,0,X.X.X.X.X.,5,0,5,5,0,0,0.5,-0.5
Wormholes,41,10,1,1,True,0,XXXXXXXX..,8,8,8,5,3,0,0.5,-0.5
Wormholes,42,10,1,1,True,0,X..XXX....,4,6,4,5,-1,0,0.5,-0.5
Wormholes,43,10,1,1,True,0,..XX...X..,3,5,3,5,-2,0,0.5,-0.5
Wormholes,44,10,1,1,True,0,.X..X...XX,4,4,4,5,-1,0,0.5,-0.5
Wormholes,45,10,1,1,True,0,.XXX..X.X.,5,3,5,5,0,0,0.5,-0.5
Wormholes,46,10,1,1,True,0,....XX...X,3,6,3,5,-2,0,0.5,-0.5
Wormholes,47,10,1,1,True,0,..XX.X.X.X,5,2,5,5,0,0,0.5,-0.5
Wormholes,48,10,1,1,True,0,X.X..X..XX,5,3,5,5,0,0,0.5,-0.5
Wormholes,49,10,1,1,True,0,....XXX.X.,4,5,4,5,-1,0,0.5,-0.5
Wormholes,50,10,1,1,True,0,XXXX..X..X,6,5,6,5,1,0,0.5,-0.5
Wormholes,51,10,1,1,True,0,X.XX.XXXXX,8,5,8,5,3,0,0.5,-0.5
Wormholes,52,10,1,1,True,0,.....X.X.X,3,4,3,5,-2,0,0.5,-0.5
Wormholes,53,10,1,1,True,0,X...X..X.X,4,3,4,5,-1,0,0.5,-0.5
Wormholes,54,10,1,1,True,0,..X...XX.X,4,4,4,5,-1,0,0.5,-0.5
Wormholes,55,10,1,1,True,0,..XXX.XXX.,6,5,6,5,1,0,0.5,-0.5
Wormholes,56,10,1,1,True,0,.XX...X...,3,5,3,5,-2,0,0.5,-0.5
Wormholes,57,10,1,1,True,0,XXXXXX..XX,8,7,8,5,3,0,0.5,-0.5
Wormholes,58,10,1,1,True,0,..XX.XXX..,5,5,5,5,0,0,0.5,-0.5
Wormholes,59,10,1,1,True,0,...XXX.XXX,6,6,6,5,1,0,0.5,-0.5
Wormholes,60,10,1,1,True,0,XXX....XX.,5,6,5,5,0,0,0.5,-0.5
Wormholes,61,10,1,1,True,0,.XX..X.XXX,6,4,6,5,1,0,0.5,-0.5
Wormholes,62,10,1,1,True,0,X.XXXXX...,6,6,6,5,1,0,0.5,-0.5
Wormholes,63,10,1,1,True,0,.XXXX.XXXX,8,6,8,5,3,0,0.5,-0.5
Wormholes,64,10,1,1,True,0,XX..XXXXX.,7,6,7,5,2,0,0.5,-0.5
Wormholes,65,10,1,1,True,0,XX...X.X..,4,4,4,5,-1,0,0.5,-0.5
Wormholes,66,10,1,1,True,0,.XX.X.X..X,5,2,5,5,0,0,0.5,-0.5
Wormholes,67,10,1,1,True,0,XXX...X...,4,6,4,5,-1,0,0.5,-0.5
Wormholes,68,10,1,1,True,0,.XXX..X..X,5,4,5,5,0,0,0.5,-0.5
Wormholes,69,10,1,1,True,0,.X.X.X..XX,5,2,5,5,0,0,0.5,-0.5
Wormholes,70,10,1,1,True,0,.X..X..XX.,4,3,4,5,-1,0,0.5,-0.5
Wormholes,71,10,1,1,True,0,XX.....X.X,4,5,4,5,-1,0,0.5,-0.5
Wormholes,72,10,1,1,True,0,..XX..XX..,4,5,4,5,-1,0,0.5,-0.5
Wormholes,73,10,1,1,True,0,.XXXXX..XX,7,6,7,5,2,0,0.5,-0.5
Wormholes,74,10,1,1,True,0,...XXXXXX.,6,7,6,5,1,0,0.5,-0.5
Wormholes,75,10,1,1,True,0,XXXX.XXX.X,8,5,8,5,3,0,0.5,-0.5
Wormholes,76,10,1,1,True,0,X..X....XX,4,5,4,5,-1,0,0.5,-0.5
Wormholes,77,10,1,1,True,0,.XXX.XX..X,6,4,6,5,1,0,0.5,-0.5
Wormholes,78,10,1,1,True,0,.X.XX.X.X.,5,1,5,5,0,0,0.5,-0.5
Wormholes,79,10,1,1,True,0,XX...XX...,4,6,4,5,-1,0,0.5,-0.5
Wormholes,80,10,1,1,True,0,XXX.....XX,5,7,5,5,0,0,0.5,-0.5
Wormholes,81,10,1,1,True,0,X..XXX..XX,6,5,6,5,1,0,0.5,-0.5
Wormholes,82,10,1,1,True,0,X.X..X..X.,4,2,4,5,-1,0,0.5,-0.5
Wormholes,83,10,1,1,True,0,X..XXXX..X,6,5,6,5,1,0,0.5,-0.5
Wormholes,84,10,1,1,True,0,XXXXXX..XX,8,7,8,5,3,0,0.5,-0.5
Wormholes,85,10,1,1,True,0,X..X...XXX,5,5,5,5,0,0,0.5,-0.5
Wormholes,86,10,1,1,True,0,..........,0,9,0,5,-5,0,0.5,-0.5
Wormholes,87,10,1,1,True,0,...X.XX..X,4,4,4,5,-1,0,0.5,-0.5
Wormholes,88,10,1,1,True,0,X........X,2,7,2,5,-3,0,0.5,-0.5
Wormholes,89,10,1,1,True,0,XX...XXX.X,6,5,6,5,1,0,0.5,-0.5
Wormholes,90,10,1,1,True,0,X.X.X.XX.X,6,1,6,5,1,0,0.5,-0.5
Wormholes,91,10,1,1,True,0,.XXXX.X..X,6,4,6,5,1,0,0.5,-0.5
Wormholes,92,10,1,1,True,0,XXXX.X.XXX,8,5,8,5,3,0,0.5,-0.5
Wormholes,93,10,1,1,True,0,XX.XXX..XX,7,5,7,5,2,0,0.5,-0.5
Wormholes,94,10,1,1,True,0,.X..XXXX.X,6,4,6,5,1,0,0.5,-0.5
Wormholes,95,10,1,1,True,0,X.X..XXX.X,6,3,6,5,1,0,0.5,-0.5
Wormholes,96,10,1,1,True,0,XXXXX..XXX,8,7,8,5,3,0,0.5,-0.5
Wormholes,97,10,1,1,True,0,...X.....X,2,6,2,5,-3,0,0.5,-0.5
Wormholes,98,10,1,1,True,0,.X.X.X.XXX,6,2,6,5,1,0,0.5,-0.5
Wormholes,99,10,1,1,True,0,.X....XX..,3,5,3,5,-2,0,0.5,-0.5
Wormholes,100,10,1,1,True,0,...X...X.X,3,4,3,5,-2,0,0.5,-0.5
Wormholes,1,20,1,1,False,1,.X...X.X.XX..XXXX...,9,9,9,10,-1,0,0.5,-0.5
Wormholes,2,20,1,1,False,1,....XXXX.X.X..XX.XX.,10,9,10,10,0,0,0.5,-0.5
Wormholes,3,20,1,1,False,1,.XXX..XXX...XX.XX...,10,11,10,10,0,0,0.5,-0.5
Wormholes,4,20,1,1,False,1,XX..X..X.XXXX..X..XX,11,9,11,10,1,0,0.5,-0.5
Wormholes,5,20,1,1,False,1,...XXX.XX.X.XX.....X,9,10,9,10,-1,0,0.5,-0.5
Wormholes,6,20,1,1,False,1,..XXXX..XX........XX,8,14,8,10,-2,0,0.5,-0.5
Wormholes,7,20,1,1,False,1,.XXX.XX.XX...XXXXXX.,13,11,13,10,3,0,0.5,-0.5
Wormholes,8,20,1,1,False,1,.X.....X....X.X..XXX,7,10,7,10,-3,0,0.5,-0.5
Wormholes,9,20,1,1,False,1,.XX...X...X..X..XXXX,9,10,9,10,-1,0,0.5,-0.5
Wormholes,10,20,1,1,False,1,X.X..XX....X.X.XXX..,9,8,9,10,-1,0,0.5,-0.5
Wormholes,11,20,1,1,False,1,.XXX.X...X.X......XX,8,10,8,10,-2,0,0.5,-0.5
Wormholes,12,20,1,1,False,1,..X..X....X.XX...X.X,7,8,7,10,-3,0,0.5,-0.5
Wormholes,13,20,1,1,False,1,X......X.XX..X.X..X.,7,8,7,10,-3,0,0.5,-0.5
Wormholes,14,20,1,1,False,1,XX.XX..XX.X...XX..X.,10,8,10,10,0,0,0.5,-0.5
Wormholes,15,20,1,1,False,1,XXX.XXXX.XX..XX.XXXX,15,11,15,10,5,0,0.5,-0.5
Wormholes,16,20,1,1,False,1,XXXX.X........X.XXXX,10,13,10,10,0,0,0.5,-0.5
Wormholes,17,20,1,1,False,1,XX...XX..XXX....X..X,9,11,9,10,-1,0,0.5,-0.5
Wormholes,18,20,1,1,False,1,.XX.XXX..XX.XXX.XXX.,13,9,13,10,3,0,0.5,-0.5
Wormholes,19,20,1,1,False,1,..X.X.X......XXXXX..,8,11,8,10,-2,0,0.5,-0.5
Wormholes,20,20,1,1,False,1,.XX..XX.X...XX.XXXXX,12,10,12,10,2,0,0.5,-0.5
Wormholes,21,20,1,1,False,1,XXXX...XX.XX.X.X.X.X,12,7,12,10,2,0,0.5,-0.5
Wormholes,22,20,1,1,False,1,XX.XXXX.XXX..XX.XX..,13,10,13,10,3,0,0.5,-0.5
Wormholes,23,20,1,1,False,1,XXXX..XX.X..X.X.XXXX,13,9,13,10,3,0,0.5,-0.5
Wormholes,24,20,1,1,False,1,.X.X..XXX....X..X..X,8,8,8,10,-2,0,0.5,-0.5
Wormholes,25,20,1,1,False,1,XX..XX.XX...X.X....X,9,9,9,10,-1,0,0.5,-0.5
Wormholes,26,20,1,1,False,1,XXX.....X.X.XXXXXX..,11,12,11,10,1,0,0.5,-0.5
Wormholes,27,20,1,1,False,1,.XX.X.XX....XXX.XX.X,11,8,11,10,1,0,0.5,-0.5
Wormholes,28,20,1,1,False,1,XX.X.X.X..XX.X.X.XXX,12,5,12,10,2,0,0.5,-0.5
Wormholes,29,20,1,1,False,1,..XXX.XX....X....XX.,8,11,8,10,-2,0,0.5,-0.5
Wormholes,30,20,1,1,False,1,XXXXX.XX.XX.X..XX.XX,14,9,14,10,4,0,0.5,-0.5
Wormholes,31,20,1,1,False,1,X.......XX..X.XXXX..,8,12,8,10,-2,0,0.5,-0.5
Wormholes,32,20,1,1,False,1,XX....XX...XX.X.XX..,9,10,9,10,-1,0,0.5,-0.5
Wormholes,33,20,1,1,False,1,...X..XXX..XX.X.X.XX,10,8,10,10,0,0,0.5,-0.5
Wormholes,34,20,1,1,False,1,.X...XXX.X.......X..,6,11,6,10,-4,0,0.5,-0.5
Wormholes,35,20,1,1,False,1,X.XXXXXX...XX.XXXX.X,14,11,14,10,4,0,0.5,-0.5
Wormholes,36,20,1,1,False,1,...XXX......XX.X.X.X,8,10,8,10,-2,0,0.5,-0.5
Wormholes,37,20,1,1,False,1,X.X.X..XXX..XX.XX.XX,12,7,12,10,2,0,0.5,-0.5
Wormholes,38,20,1,1,False,1,X.XX.XX.X...X.X.XX.X,11,5,11,10,1,0,0.5,-0.5
Wormholes,39,20,1,1,False,1,....XXX....X...X.XX.,7,11,7,10,-3,0,0.5,-0.5
Wormholes,40,20,1,1,False,1,X..XX.XXX.XXXX..X...,11,10,11,10,1,0,0.5,-0.5
Wormholes,41,20,1,1,False,1,...X..XX.X.X.X.XX.XX,10,6,10,10,0,0,0.5,-0.5
Wormholes,42,20,1,1,False,1,XX...X...XX..XXXX...,9,12,9,10,-1,0,0.5,-0.5
Wormholes,43,20,1,1,False,1,.XXXXX....XX...XXXXX,12,14,12,10,2,0,0.5,-0.5
Wormholes,44,20,1,1,False,1,X.XXXX.X.....XXX..XX,11,11,11,10,1,0,0.5,-0.5
Wormholes,45,20,1,1,False,1,.XXXX.X....X..X.....,7,11,7,10,-3,0,0.5,-0.5
Wormholes,46,20,1,1,False,1,X.XX.X.XXX.X.XXXXXX.,14,8,14,10,4,0,0.5,-0.5
Wormholes,47,20,1,1,False,1,.XXX.XX..X.XXXX..XXX,13,10,13,10,3,0,0.5,-0.5
Wormholes,48,20,1,1,False,1,.X....XX....XX.....X,6,12,6,10,-4,0,0.5,-0.5
Wormholes,49,20,1,1,False,1,X.X....X..XX...X..X.,7,8,7,10,-3,0,0.5,-0.5
Wormholes,50,20,1,1,False,1,X....XX...X...XX....,6,12,6,10,-4,0,0.5,-0.5
Wormholes,51,20,1,1,False,1,XX.........X...X....,4,14,4,10,-6,0,0.5,-0.5
Wormholes,52,20,1,1,False,1,X..XXX.XX....X.XX.XX,11,9,11,10,1,0,0.5,-0.5
Wormholes,53,20,1,1,False,1,X.X...X..X..XXX.XXX.,10,8,10,10,0,0,0.5,-0.5
Wormholes,54,20,1,1,False,1,.X..X..XXX.XXXX.X...,10,9,10,10,0,0,0.5,-0.5
Wormholes,55,20,1,1,False,1,XX.....X.X..X..XXXXX,10,11,10,10,0,0,0.5,-0.5
Wormholes,56,20,1,1,False,1,XXX.XXX...X..X.X....,9,10,9,10,-1,0,0.5,-0.5
Wormholes,57,20,1,1,False,1,X..XX.XXXXXX.X.XXXXX,15,11,15,10,5,0,0.5,-0.5
Wormholes,58,20,1,1,False,1,...XX..X.XXX.XXXXXXX,13,12,13,10,3,0,0.5,-0.5
Wormholes,59,20,1,1,False,1,X.XX....XX...XXXX...,9,12,9,10,-1,0,0.5,-0.5
Wormholes,60,20,1,1,False,1,X.XXX...X.X..X.XX.XX,11,7,11,10,1,0,0.5,-0.5
Wormholes,61,20,1,1,False,1,XXXX.X....X.X.XX.X.X,11,7,11,10,1,0,0.5,-0.5
Wormholes,62,20,1,1,False,1,X.XX.XX..XX.X..XXXX.,12,8,12,10,2,0,0.5,-0.5
Wormholes,63,20,1,1,False,1,..XXXX.X.XX.XXXX.XXX,14,10,14,10,4,0,0.5,-0.5
Wormholes,64,20,1,1,False,1,...XX..X.XX.X.......,6,11,6,10,-4,0,0.5,-0.5
Wormholes,65,20,1,1,False,1,.X.X...X.X.XXXX..X..,9,7,9,10,-1,0,0.5,-0.5
Wormholes,66,20,1,1,False,1,X...XX.XXX..X.XXXXX.,12,10,12,10,2,0,0.5,-0.5
Wormholes,67,20,1,1,False,1,..X.X.XX.X..XX.X...X,9,6,9,10,-1,0,0.5,-0.5
Wormholes,68,20,1,1,False,1,X..X...X........XXX.,6,12,6,10,-4,0,0.5,-0.5
Wormholes,69,20,1,1,False,1,.X..X..X.X..X.XX..X.,8,5,8,10,-2,0,0.5,-0.5
Wormholes,70,20,1,1,False,1,.X.X.XXX...XX...XXX.,10,9,10,10,0,0,0.5,-0.5
Wormholes,71,20,1,1,False,1,.X.X.XXX.X.XX.X.X.XX,12,4,12,10,2,0,0.5,-0.5
Wormholes,72,20,1,1,False,1,.XX..X.XXXX.....XX..,9,11,9,10,-1,0,0.5,-0.5
Wormholes,73,20,1,1,False,1,..XX.XXXXXXXX.X.X..X,13,10,13,10,3,0,0.5,-0.5
Wormholes,74,20,1,1,False,1,...XXXXX.XXXX..X..XX,12,12,12,10,2,0,0.5,-0.5
Wormholes,75,20,1,1,False,1,X.XX.XXX....X.XXXXX.,12,10,12,10,2,0,0.5,-0.5
Wormholes,76,20,1,1,False,1,.XXX.X..X.XXXX..X..X,11,8,11,10,1,0,0.5,-0.5
Wormholes,77,20,1,1,False,1,X....XXXXX..X..XXX..,10,12,10,10,0,0,0.5,-0.5
Wormholes,78,20,1,1,False,1,XX.XX..XXXX.X.X.XX.X,13,7,13,10,3,0,0.5,-0.5
Wormholes,79,20,1,1,False,1,X.X..X..X.X......XXX,8,9,8,10,-2,0,0.5,-0.5
Wormholes,80,20,1,1,False,1,..XX.XX..X..XX.XX.X.,10,7,10,10,0,0,0.5,-0.5
Wormholes,81,20,1,1,False,1,X..XXXXXX.X.XXX.X.X.,13,8,13,10,3,0,0.5,-0.5
Wormholes,82,20,1,1,False,1,.X.XX.X....XXX.XXX.X,11,8,11,10,1,0,0.5,-0.5
Wormholes,83,20,1,1,False,1,X..XXX..X.XX.X.X...X,10,7,10,10,0,0,0.5,-0.5
Wormholes,84,20,1,1,False,1,..XX.X..XX....XX.XX.,9,9,9,10,-1,0,0.5,-0.5
Wormholes,85,20,1,1,False,1,..X.XXX....X..X.XX..,8,9,8,10,-2,0,0.5,-0.5
Wormholes,86,20,1,1,False,1,.X..XX.....X..X.X...,6,9,6,10,-4,0,0.5,-0.5
Wormholes,87,20,1,1,False,1,X.X.X..X.XXX.XXX.X..,11,6,11,10,1,0,0.5,-0.5
Wormholes,88,20,1,1,False,1,.X.XX...XXX.XXX..XXX,12,10,12,10,2,0,0.5,-0.5
Wormholes,89,20,1,1,False,1,..X.XXXX..XX.X.X..XX,11,8,11,10,1,0,0.5,-0.5
Wormholes,90,20,1,1,False,1,..XXXXXXXXX..XXXX..X,14,14,14,10,4,0,0.5,-0.5
Wormholes,91,20,1,1,False,1,.XX.X....XXX.X..X.X.,9,7,9,10,-1,0,0.5,-0.5
Wormholes,92,20,1,1,False,1,XXX.X..X....X....XXX,9,11,9,10,-1,0,0.5,-0.5
Wormholes,93,20,1,1,False,1,X.X..X..XXX....XX...,8,10,8,10,-2,0,0.5,-0.5
Wormholes,94,20,1,1,False,1,.XXX..X.XXX...X.XXX.,11,9,11,10,1,0,0.5,-0.5
Wormholes,95,20,1,1,False,1,X.....X.XX.XXX.XXX..,10,10,10,10,0,0,0.5,-0.5
Wormholes,96,20,1,1,False,1,XXXXXXX.XX.....XXXX.,13,14,13,10,3,0,0.5,-0.5
Wormholes,97,20,1,1,False,1,X.XXX.XXX..XXX.X.XX.,13,8,13,10,3,0,0.5,-0.5
Wormholes,98,20,1,1,False,1,XXXX.X.XXXXXX..XX..X,14,11,14,10,4,0,0.5,-0.5
Wormholes,99,20,1,1,False,1,X..XXXXX.X..XX...X.X,11,9,11,10,1,0,0.5,-0.5
Wormholes,100,20,1,1,False,1,XX.X.X...X.X.XXXX..X,11,7,11,10,1,0,0.5,-0.5
Wormholes,1,20,1,1,True,1,.XX.X.X.XXXX.XX.X.X.,12,5,12,10,2,0,0.5,-0.5
Wormholes,2,20,1,1,True,1,X....X.X.X.XX...X.XX,9,7,9,10,-1,0,0.5,-0.5
Wormholes,3,20,1,1,True,1,XXXXX..XXXX...X..XXX,13,13,13,10,3,0,0.5,-0.5
Wormholes,4,20,1,1,True,1,.X.XXX...X.XX.XX....,9,9,9,10,-1,0,0.5,-0.5
Wormholes,5,20,1,1,True,1,.XXX....X..X....XXXX,9,12,9,10,-1,0,0.5,-0.5
Wormholes,6,20,1,1,True,1,......X.X..X...X.XXX,7,10,7,10,-3,0,0.5,-0.5
Wormholes,7,20,1,1,True,1,.XXX..X.XX........X.,7,11,7,10,-3,0,0.5,-0.5
Wormholes,8,20,1,1,True,1,.XXXX..X..X..X....X.,8,9,8,10,-2,0,0.5,-0.5
Wormholes,9,20,1,1,True,1,X..XX.X..X.X.XX..X.X,10,5,10,10,0,0,0.5,-0.5
Wormholes,10,20,1,1,True,1,X..X..X.XXX..XX.XXX.,11,8,11,10,1,0,0.5,-0.5
Wormholes,11,20,1,1,True,1,.XXXX.XX.XX.X.XXX...,12,9,12,10,2,0,0.5,-0.5
Wormholes,12,20,1,1,True,1,X...X...XX.X..XXX..X,9,9,9,10,-1,0,0.5,-0.5
Wormholes,13,20,1,1,True,1,XX.XX.X.X..X.X....XX,10,7,10,10,0,0,0.5,-0.5
Wormholes,14,20,1,1,True,1,XXX.XXXXX..X..XX.X..,12,10,12,10,2,0,0.5,-0.5
Wormholes,15,20,1,1,True,1,.XX.X.X...X......X..,6,9,6,10,-4,0,0.5,-0.5
Wormholes,16,20,1,1,True,1,XXX.X.XX.X..X.XXXXXX,14,9,14,10,4,0,0.5,-0.5
Wormholes,17,20,1,1,True,1,.....X.....X.XX.X.XX,7,10,7,10,-3,0,0.5,-0.5
Wormholes,18,20,1,1,True,1,XX.XX.....X.XX.X.XXX,11,9,11,10,1,0,0.5,-0.5
Wormholes,19,20,1,1,True,1,.XX.XXX.X.XXXX.XX...,12,9,12,10,2,0,0.5,-0.5
Wormholes,20,20,1,1,True,1,.X..X.X...XXXX....X.,8,9,8,10,-2,0,0.5,-0.5
Wormholes,21,20,1,1,True,1,XXXX....X..X.X....XX,9,11,9,10,-1,0,0.5,-0.5
Wormholes,22,20,1,1,True,1,XXXXXX..X..X.....X.X,10,11,10,10,0,0,0.5,-0.5
Wormholes,23,20,1,1,True,1,..X.X.XXXX.XXX.X..X.,11,7,11,10,1,0,0.5,-0.5
Wormholes,24,20,1,1,True,1,XX.XXX.X.X.X.XXXX.XX,14,7,14,10,4,0,0.5,-0.5
Wormholes,25,20,1,1,True,1,X.XX.X.XXX...XXXXX..,12,10,12,10,2,0,0.5,-0.5
Wormholes,26,20,1,1,True,1,..XX....XX...X.X.XX.,8,9,8,10,-2,0,0.5,-0.5
Wormholes,27,20,1,1,True,1,X.XX...X.X.XXX.X..X.,10,6,10,10,0,0,0.5,-0.5
Wormholes,28,20,1,1,True,1,.X.X......X.X...X.X.,6,7,6,10,-4,0,0.5,-0.5
Wormholes,29,20,1,1,True,1,..XX..X.X.X.....XXX.,8,9,8,10,-2,0,0.5,-0.5
Wormholes,30,20,1,1,True,1,X.XXXX.XXXXX..X.XX.X,14,9,14,10,4,0,0.5,-0.5
Wormholes,31,20,1,1,True,1,...X.X..XXX.X..XX.XX,10,8,10,10,0,0,0.5,-0.5
Wormholes,32,20,1,1,True,1,X.X.XXXX.....X.XX..X,10,9,10,10,0,0,0.5,-0.5
Wormholes,33,20,1,1,True,1,X...X.XXX.X..X...X..,8,8,8,10,-2,0,0.5,-0.5
Wormholes,34,20,1,1,True,1,.X.XXX..X..XXX.X...X,10,8,10,10,0,0,0.5,-0.5
Wormholes,35,20,1,1,True,1,X.......X...XX...XX.,6,12,6,10,-4,0,0.5,-0.5
Wormholes,36,20,1,1,True,1,XX..XX..XX....XX.X..,9,10,9,10,-1,0,0.5,-0.5
Wormholes,37,20,1,1,True,1,..XX.X..X...X.X.X.XX,9,6,9,10,-1,0,0.5,-0.5
Wormholes,38,20,1,1,True,1,.XX..X....X..X..X.X.,7,7,7,10,-3,0,0.5,-0.5
Wormholes,39,20,1,1,True,1,.X....X....XXXXX.XXX,10,12,10,10,0,0,0.5,-0.5
Wormholes,40,20,1,1,True,1,.XXXX..XXX.X..XXXXX.,13,11,13,10,3,0,0.5,-0.5
Wormholes,41,20,1,1,True,1,XX.X.XXXXX.XX..X.X.X,13,7,13,10,3,0,0.5,-0.5
Wormholes,42,20,1,1,True,1,XXXXXX...XX.....X.XX,11,13,11,10,1,0,0.5,-0.5
Wormholes,43,20,1,1,True,1,XXXXX...X.X.XXX..X.X,12,9,12,10,2,0,0.5,-0.5
Wormholes,44,20,1,1,True,1,X.X..XXXX..XX.......,8,12,8,10,-2,0,0.5,-0.5
Wormholes,45,20,1,1,True,1,XX...X.XXX...X....X.,8,10,8,10,-2,0,0.5,-0.5
Wormholes,46,20,1,1,True,1,.XX.X..X....XXXX...X,9,10,9,10,-1,0,0.5,-0.5
Wormholes,47,20,1,1,True,1,X.X.XXX.XXX...XXXXXX,14,11,14,10,4,0,0.5,-0.5
Wormholes,48,20,1,1,True,1,..X.XXX.X.X.XXXXXXX.,13,9,13,10,3,0,0.5,-0.5
Wormholes,49,20,1,1,True,1,...XXXXX.XX..X..XX.X,11,10,11,10,1,0,0.5,-0.5
Wormholes,50,20,1,1,True,1,XX.....XX...XX.XXX..,9,12,9,10,-1,0,0.5,-0.5
Wormholes,51,20,1,1,True,1,.XXX..XX..X.X...X..X,9,8,9,10,-1,0,0.5,-0.5
Wormholes,52,20,1,1,True,1,X..XX.....X...X.X...,6,10,6,10,-4,0,0.5,-0.5
Wormholes,53,20,1,1,True,1,XX..X....X.XXX...XXX,10,11,10,10,0,0,0.5,-0.5
Wormholes,54,20,1,1,True,1,XX....X.XX.XX...X..X,9,9,9,10,-1,0,0.5,-0.5
Wormholes,55,20,1,1,True,1,X.XXXXX.XXX.XX.X.X..,13,8,13,10,3,0,0.5,-0.5
Wormholes,56,20,1,1,True,1,XX.X...XXX.XX...X.XX,11,9,11,10,1,0,0.5,-0.5
Wormholes,57,20,1,1,True,1,XXX..X..XX.......X.X,8,11,8,10,-2,0,0.5,-0.5
Wormholes,58,20,1,1,True,1,.XX..X.XXXXXX..XX.XX,13,10,13,10,3,0,0.5,-0.5
Wormholes,59,20,1,1,True,1,X..XXXX.XXX.X..XX...,11,10,11,10,1,0,0.5,-0.5
Wormholes,60,20,1,1,True,1,..X.X...XX...X...XXX,8,10,8,10,-2,0,0.5,-0.5
Wormholes,61,20,1,1,True,1,.XXX..X..XXX...X.XX.,10,9,10,10,0,0,0.5,-0.5
Wormholes,62,20,1,1,True,1,.X.X.XX.....XX.X.X..,8,7,8,10,-2,0,0.5,-0.5
Wormholes,63,20,1,1,True,1,X......X.X......XX.X,6,11,6,10,-4,0,0.5,-0.5
Wormholes,64,20,1,1,True,1,..XX.X.XXX..X..XX...,9,9,9,10,-1,0,0.5,-0.5
Wormholes,65,20,1,1,True,1,X....XXX..XX.XXX..XX,11,11,11,10,1,0,0.5,-0.5
Wormholes,66,20,1,1,True,1,.XX.XX.X...X.XXXX..X,11,8,11,10,1,0,0.5,-0.5
Wormholes,67,20,1,1,True,1,X.XXXXXX..XXXX..X..X,13,11,13,10,3,0,0.5,-0.5
Wormholes,68,20,1,1,True,1,...X.X....XXXX..XX..,8,11,8,10,-2,0,0.5,-0.5
Wormholes,69,20,1,1,True,1,..XX.XX.X...XX..X.X.,9,7,9,10,-1,0,0.5,-0.5
Wormholes,70,20,1,1,True,1,X...XX.X..XX..X.XXX.,10,8,10,10,0,0,0.5,-0.5
Wormholes,71,20,1,1,True,1,XX.XXX.....XXX..XX..,10,12,10,10,0,0,0.5,-0.5
Wormholes,72,20,1,1,True,1,..XX...X...XXX.XX.X.,9,9,9,10,-1,0,0.5,-0.5
Wormholes,73,20,1,1,True,1,X.XXX.......X.X.X...,7,10,7,10,-3,0,0.5,-0.5
Wormholes,74,20,1,1,True,1,.X.X.X..X...XXX.....,7,9,7,10,-3,0,0.5,-0.5
Wormholes,75,20,1,1,True,1,.......X..X..X.X..X.,5,9,5,10,-5,0,0.5,-0.5
Wormholes,76,20,1,1,True,1,...XX.XX.X..XXX..XX.,10,9,10,10,0,0,0.5,-0.5
Wormholes,77,20,1,1,True,1,...XXX.XX..X.XX...X.,9,9,9,10,-1,0,0.5,-0.5
Wormholes,78,20,1,1,True,1,X.X.XX..X......X....,6,10,6,10,-4,0,0.5,-0.5
Wormholes,79,20,1,1,True,1,X....XX.X..XXX.XXX.X,11,9,11,10,1,0,0.5,-0.5
Wormholes,80,20,1,1,True,1,XXXXX.XXXXX..XX...XX,14,13,14,10,4,0,0.5,-0.5
Wormholes,81,20,1,1,True,1,XXXXXX.X.....XXXX...,11,14,11,10,1,0,0.5,-0.5
Wormholes,82,20,1,1,True,1,..XXX.X....XX...X.X.,8,9,8,10,-2,0,0.5,-0.5
Wormholes,83,20,1,1,True,1,X....X.XX.X......XXX,8,11,8,10,-2,0,0.5,-0.5
Wormholes,84,20,1,1,True,1,.....XX.XX.X.XX.XX..,9,9,9,10,-1,0,0.5,-0.5
Wormholes,85,20,1,1,True,1,X....X.X...XX...X.X.,7,8,7,10,-3,0,0.5,-0.5
Wormholes,86,20,1,1,True,1,...XXX.XXXX.XXXXX.XX,14,12,14,10,4,0,0.5,-0.5
Wormholes,87,20,1,1,True,1,..XXX.X.XX.X.X.X...X,10,6,10,10,0,0,0.5,-0.5
Wormholes,88,20,1,1,True,1,XX....XX.X.XXX.XXX.X,12,9,12,10,2,0,0.5,-0.5
Wormholes,89,20,1,1,True,1,X.X.X...X.X....XXX..,8,8,8,10,-2,0,0.5,-0.5
Wormholes,90,20,1,1,True,1,.XX.X..X.X...X.X....,7,7,7,10,-3,0,0.5,-0.5
Wormholes,91,20,1,1,True,1,XXX.XX...X.X....X..X,9,9,9,10,-1,0,0.5,-0.5
Wormholes,92,20,1,1,True,1,.......X.XXX.XX.XX.X,9,10,9,10,-1,0,0.5,-0.5
Wormholes,93,20,1,1,True,1,X.X.X.XXX...XX.X...X,10,7,10,10,0,0,0.5,-0.5
Wormholes,94,20,1,1,True,1,...X.XXXX.....X.XX..,8,11,8,10,-2,0,0.5,-0.5
Wormholes,95,20,1,1,True,1,.XXX.......XX.....X.,6,13,6,10,-4,0,0.5,-0.5
Wormholes,96,20,1,1,True,1,X...XX.X..X...X..XX.,8,8,8,10,-2,0,0.5,-0.5
Wormholes,97,20,1,1,True,1,.XXXX.XXXXXXXX.XXX..,15,13,15,10,5,0,0.5,-0.5
Wormholes,98,20,1,1,True,1,X...X....XX..X...XXX,8,11,8,10,-2,0,0.5,-0.5
Wormholes,99,20,1,1,True,1,XXX..XX..X..XX..X.XX,11,9,11,10,1,0,0.5,-0.5
Wormholes,100,20,1,1,True,1,X.X.XXX.XXX.X..XX..X,12,7,12,10,2,0,0.5,-0.5
Wormholes,1,10,1,1,False,0,X..X.X.XXX,6,3,6,5,1,0,0.5,-0.5
Wormholes,2,10,1,1,False,0,X.XX..XXXX,7,5,7,5,2,0,0.5,-0.5
Wormholes,3,10,1,1,False,0,.XXXX..X.X,6,4,6,5,1,0,0.5,-0.5
Wormholes,4,10,1,1,False,0,.XXXX.XXXX,8,6,8,5,3,0,0.5,-0.5
Wormholes,5,10,1,1,False,0,XXXX.XXX.X,8,5,8,5,3,0,0.5,-0.5
Wormholes,6,10,1,1,False,0,XX.X.X..X.,5,2,5,5,0,0,0.5,-0.5
Wormholes,7,10,1,1,False,0,.X.X.XXXXX,7,4,7,5,2,0,0.5,-0.5
Wormholes,8,10,1,1,False,0,.XXX...XXX,6,6,6,5,1,0,0.5,-0.5
Wormholes,9,10,1,1,False,0,..XX...XX.,4,5,4,5,-1,0,0.5,-0.5
Wormholes,10,10,1,1,False,0,...X.XXX..,4,5,4,5,-1,0,0.5,-0.5
Wormholes,11,10,1,1,False,0,..X.XX..X.,4,3,4,5,-1,0,0.5,-0.5
Wormholes,12,10,1,1,False,0,XX.XX.XXX.,7,4,7,5,2,0,0.5,-0.5
Wormholes,13,10,1,1,False,0,..X..X..X.,3,3,3,5,-2,0,0.5,-0.5
Wormholes,14,10,1,1,False,0,XX.XXXXX.X,8,5,8,5,3,0,0.5,-0.5
Wormholes,15,10,1,1,False,0,XX.XXX.XXX,8,5,8,5,3,0,0.5,-0.5
Wormholes,16,10,1,1,False,0,XX...X.XXX,6,5,6,5,1,0,0.5,-0.5
Wormholes,17,10,1,1,False,0,...XX.XX.X,5,4,5,5,0,0,0.5,-0.5
Wormholes,18,10,1,1,False,0,XXXXX..XX.,7,6,7,5,2,0,0.5,-0.5
Wormholes,19,10,1,1,False,0,.X.XX.XX..,5,3,5,5,0,0,0.5,-0.5
Wormholes,20,10,1,1,False,0,.XX.X...X.,4,3,4,5,-1,0,0.5,-0.5
Wormholes,21,10,1,1,False,0,.XXXXXXXXX,9,8,9,5,4,0,0.5,-0.5
Wormholes,22,10,1,1,False,0,.X.X.XX...,4,3,4,5,-1,0,0.5,-0.5
Wormholes,23,10,1,1,False,0,XX..XXXXXX,8,7,8,5,3,0,0.5,-0.5
Wormholes,24,10,1,1,False,0,.XXXX.X.X.,6,3,6,5,1,0,0.5,-0.5
Wormholes,25,10,1,1,False,0,....X.XXX.,4,5,4,5,-1,0,0.5,-0.5
Wormholes,26,10,1,1,False,0,.X...X....,2,5,2,5,-3,0,0.5,-0.5
Wormholes,27,10,1,1,False,0,XX.XXXX..X,7,5,7,5,2,0,0.5,-0.5
Wormholes,28,10,1,1,False,0,.XX...X.XX,5,4,5,5,0,0,0.5,-0.5
Wormholes,29,10,1,1,False,0,.XXX..X...,4,5,4,5,-1,0,0.5,-0.5
Wormholes,30,10,1,1,False,0,XXXXX..X.X,7,5,7,5,2,0,0.5,-0.5
Wormholes,31,10,1,1,False,0,..XX.X....,3,5,3,5,-2,0,0.5,-0.5
Wormholes,32,10,1,1,False,0,XX.X...XX.,5,4,5,5,0,0,0.5,-0.5
Wormholes,33,10,1,1,False,0,..XX..XXX.,5,5,5,5,0,0,0.5,-0.5
Wormholes,34,10,1,1,False,0,...XX.XX.X,5,4,5,5,0,0,0.5,-0.5
Wormholes,35,10,1,1,False,0,.XXXX.X.X.,6,3,6,5,1,0,0.5,-0.5
Wormholes,36,10,1,1,False,0,.XX.XXXXXX,8,6,8,5,3,0,0.5,-0.5
Wormholes,37,10,1,1,False,0,XXXX..X..X,6,5,6,5,1,0,0.5,-0.5
Wormholes,38,10,1,1,False,0,.X.X..X...,3,3,3,5,-2,0,0.5,-0.5
Wormholes,39,10,1,1,False,0,XXX..X.XX.,6,4,6,5,1,0,0.5,-0.5
Wormholes,40,10,1,1,False,0,....XXXXX.,5,7,5,5,0,0,0.5,-0.5
Wormholes,41,10,1,1,False,0,X..XXXX.X.,6,4,6,5,1,0,0.5,-0.5
Wormholes,42,10,1,1,False,0,X....X...X,3,5,3,5,-2,0,0.5,-0.5
Wormholes,43,10,1,1,False,0,..XXXXX.XX,7,6,7,5,2,0,0.5,-0.5
Wormholes,44,10,1,1,False,0,XXX.XXX...,6,6,6,5,1,0,0.5,-0.5
Wormholes,45,10,1,1,False,0,..X..X.XX.,4,3,4,5,-1,0,0.5,-0.5
Wormholes,46,10,1,1,False,0,.XX.XX.XX.,6,3,6,5,1,0,0.5,-0.5
Wormholes,47,10,1,1,False,0,..X..XX.X.,4,3,4,5,-1,0,0.5,-0.5
Wormholes,48,10,1,1,False,0,X..X..X.X.,4,2,4,5,-1,0,0.5,-0.5
Wormholes,49,10,1,1,False,0,X...X.XX..,4,4,4,5,-1,0,0.5,-0.5
Wormholes,50,10,1,1,False,0,....XX....,2,7,2,5,-3,0,0.5,-0.5
Wormholes,51,10,1,1,False,0,X.XXX.X..X,6,3,6,5,1,0,0.5,-0.5
Wormholes,52,10,1,1,False,0,..XX.X.X..,4,3,4,5,-1,0,0.5,-0.5
Wormholes,53,10,1,1,False,0,XXX.XX..X.,6,4,6,5,1,0,0.5,-0.5
Wormholes,54,10,1,1,False,0,XXX.XXXXXX,9,7,9,5,4,0,0.5,-0.5
Wormholes,55,10,1,1,False,0,..XXXX..X.,5,5,5,5,0,0,0.5,-0.5
Wormholes,56,10,1,1,False,0,.X.XXXXX.X,7,4,7,5,2,0,0.5,-0.5
Wormholes,57,10,1,1,False,0,X....XXXX.,5,6,5,5,0,0,0.5,-0.5
Wormholes,58,10,1,1,False,0,.X.X.XX...,4,3,4,5,-1,0,0.5,-0.5
Wormholes,59,10,1,1,False,0,XX.X.X.XXX,7,3,7,5,2,0,0.5,-0.5
Wormholes,60,10,1,1,False,0,XX.X.XX.XX,7,3,7,5,2,0,0.5,-0.5
Wormholes,61,10,1,1,False,0,..XX.XXX.X,6,4,6,5,1,0,0.5,-0.5
Wormholes,62,10,1,1,False,0,XX...XXXX.,6,6,6,5,1,0,0.5,-0.5
Wormholes,63,10,1,1,False,0,XXX.XXX.XX,8,5,8,5,3,0,0.5,-0.5
Wormholes,64,10,1,1,False,0,X..X.XX.X.,5,2,5,5,0,0,0.5,-0.5
Wormholes,65,10,1,1,False,0,X.XXX...X.,5,4,5,5,0,0,0.5,-0.5
Wormholes,66,10,1,1,False,0,.X...XXX.X,5,4,5,5,0,0,0.5,-0.5
Wormholes,67,10,1,1,False,0,XX....X..X,4,5,4,5,-1,0,0.5,-0.5
Wormholes,68,10,1,1,False,0,..XXX.X.XX,6,4,6,5,1,0,0.5,-0.5
Wormholes,69,10,1,1,False,0,..X...XXX.,4,5,4,5,-1,0,0.5,-0.5
Wormholes,70,10,1,1,False,0,....XXX..X,4,6,4,5,-1,0,0.5,-0.5
Wormholes,71,10,1,1,False,0,.X.XX.XX.X,6,2,6,5,1,0,0.5,-0.5
Wormholes,72,10,1,1,False,0,..X...X.XX,4,4,4,5,-1,0,0.5,-0.5
Wormholes,73,10,1,1,False,0,X..X.X.XX.,5,2,5,5,0,0,0.5,-0.5
Wormholes,74,10,1,1,False,0,..XX.XX...,4,5,4,5,-1,0,0.5,-0.5
Wormholes,75,10,1,1,False,0,X......X.X,3,5,3,5,-2,0,0.5,-0.5
Wormholes,76,10,1,1,False,0,.X..XX..X.,4,3,4,5,-1,0,0.5,-0.5
Wormholes,77,10,1,1,False,0,X.XXXXX.XX,8,5,8,5,3,0,0.5,-0.5
Wormholes,78,10,1,1,False,0,.XX..XX...,4,5,4,5,-1,0,0.5,-0.5
Wormholes,79,10,1,1,False,0,XXXX.XXX.X,8,5,8,5,3,0,0.5,-0.5
Wormholes,80,10,1,1,False,0,XXXXXXX.X.,8,6,8,5,3,0,0.5,-0.5
Wormholes,81,10,1,1,False,0,XXX.X.....,4,6,4,5,-1,0,0.5,-0.5
Wormholes,82,10,1,1,False,0,......X..X,2,6,2,5,-3,0,0.5,-0.5
Wormholes,83,10,1,1,False,0,.X.......X,2,6,2,5,-3,0,0.5,-0.5
Wormholes,84,10,1,1,False,0,.X.XX...X.,4,3,4,5,-1,0,0.5,-0.5
Wormholes,85,10,1,1,False,0,XXXX...XX.,6,6,6,5,1,0,0.5,-0.5
Wormholes,86,10,1,1,False,0,XX.XX.XX.X,7,3,7,5,2,0,0.5,-0.5
Wormholes,87,10,1,1,False,0,X.XX..XX..,5,4,5,5,0,0,0.5,-0.5
Wormholes,88,10,1,1,False,0,X.....X...,2,6,2,5,-3,0,0.5,-0.5
Wormholes,89,10,1,1,False,0,.XXX.XXX..,6,5,6,5,1,0,0.5,-0.5
Wormholes,90,10,1,1,False,0,.....X.XX.,3,5,3,5,-2,0,0.5,-0.5
Wormholes,91,10,1,1,False,0,.XXXXX.XX.,7,5,7,5,2,0,0.5,-0.5
Wormholes,92,10,1,1,False,0,X..X..X.X.,4,2,4,5,-1,0,0.5,-0.5
Wormholes,93,10,1,1,False,0,X..XX.XX..,5,4,5,5,0,0,0.5,-0.5
Wormholes,94,10,1,1,False,0,.X.XXXX.XX,7,4,7,5,2,0,0.5,-0.5
Wormholes,95,10,1,1,False,0,.....X..XX,3,6,3,5,-2,0,0.5,-0.5
Wormholes,96,10,1,1,False,0,X...XXXX..,5,6,5,5,0,0,0.5,-0.5
Wormholes,97,10,1,1,False,0,XXXX.X.XX.,7,4,7,5,2,0,0.5,-0.5
Wormholes,98,10,1,1,False,0,..X..XX.X.,4,3,4,5,-1,0,0.5,-0.5
Wormholes,99,10,1,1,False,0,....XXXXXX,6,8,6,5,1,0,0.5,-0.5
Wormholes,100,10,1,1,False,0,..XXX.....,3,7,3,5,-2,0,0.5,-0.5
Wormholes,1,10,1,1,False,0.5,XX.X......,3,6,3,5,-2,0,0.5,-0.5
Wormholes,2,10,1,1,False,0.5,XX..XXX.XX,7,5,7,5,2,0,0.5,-0.5
Wormholes,3,10,1,1,False,0.5,..X.XX...X,4,4,4,5,-1,0,0.5,-0.5
Wormholes,4,10,1,1,False,0.5,...XX.XXX.,5,5,5,5,0,0,0.5,-0.5
Wormholes,5,10,1,1,False,0.5,.X...X...X,3,4,3,5,-2,0,0.5,-0.5
Wormholes,6,10,1,1,False,0.5,X.XXXXXX.X,8,5,8,5,3,0,0.5,-0.5
Wormholes,7,10,1,1,False,0.5,XX.XXX....,5,6,5,5,0,0,0.5,-0.5
Wormholes,8,10,1,1,False,0.5,XXXX.XX.X.,7,4,7,5,2,0,0.5,-0.5
Wormholes,9,10,1,1,False,0.5,XX.X...X..,4,4,4,5,-1,0,0.5,-0.5
Wormholes,10,10,1,1,False,0.5,XX.XXXX...,6,6,6,5,1,0,0.5,-0.5
Wormholes,11,10,1,1,False,0.5,X..XXXX..X,6,5,6,5,1,0,0.5,-0.5
Wormholes,12,10,1,1,False,0.5,XX.XX..X..,5,4,5,5,0,0,0.5,-0.5
Wormholes,13,10,1,1,False,0.5,XXX..X.XX.,6,4,6,5,1,0,0.5,-0.5
Wormholes,14,10,1,1,False,0.5,.XX..X..XX,5,4,5,5,0,0,0.5,-0.5
Wormholes,15,10,1,1,False,0.5,...XXXX..X,5,6,5,5,0,0,0.5,-0.5
Wormholes,16,10,1,1,False,0.5,.XX..X....,3,5,3,5,-2,0,0.5,-0.5
Wormholes,17,10,1,1,False,0.5,.X...XXX..,4,5,4,5,-1,0,0.5,-0.5
Wormholes,18,10,1,1,False,0.5,X.X...XX.X,5,3,5,5,0,0,0.5,-0.5
Wormholes,19,10,1,1,False,0.5,X....XX..X,4,5,4,5,-1,0,0.5,-0.5
Wormholes,20,10,1,1,False,0.5,XX.X....XX,5,5,5,5,0,0,0.5,-0.5
Wormholes,21,10,1,1,False,0.5,XXXX....XX,6,7,6,5,1,0,0.5,-0.5
Wormholes,22,10,1,1,False,0.5,X.XX...XX.,5,4,5,5,0,0,0.5,-0.5
Wormholes,23,10,1,1,False,0.5,...XX...X.,3,5,3,5,-2,0,0.5,-0.5
Wormholes,24,10,1,1,False,0.5,X.X.XXX.X.,6,2,6,5,1,0,0.5,-0.5
Wormholes,25,10,1,1,False,0.5,..XXXX.XXX,7,6,7,5,2,0,0.5,-0.5
Wormholes,26,10,1,1,False,0.5,.X.X.X....,3,3,3,5,-2,0,0.5,-0.5
Wormholes,27,10,1,1,False,0.5,XX.....X..,3,6,3,5,-2,0,0.5,-0.5
Wormholes,28,10,1,1,False,0.5,X.XX.X....,4,4,4,5,-1,0,0.5,-0.5
Wormholes,29,10,1,1,False,0.5,.XX....XX.,4,5,4,5,-1,0,0.5,-0.5
Wormholes,30,10,1,1,False,0.5,X.X.X..XX.,5,2,5,5,0,0,0.5,-0.5
Wormholes,31,10,1,1,False,0.5,XXX...XXX.,6,6,6,5,1,0,0.5,-0.5
Wormholes,32,10,1,1,False,0.5,XX.XXXXX.X,8,5,8,5,3,0,0.5,-0.5
Wormholes,33,10,1,1,False,0.5,.X.X...X..,3,3,3,5,-2,0,0.5,-0.5
Wormholes,34,10,1,1,False,0.5,...XX..X..,3,5,3,5,-2,0,0.5,-0.5
Wormholes,35,10,1,1,False,0.5,XXX..XXX..,6,6,6,5,1,0,0.5,-0.5
Wormholes,36,10,1,1,False,0.5,..X.X.XX..,4,3,4,5,-1,0,0.5,-0.5
Wormholes,37,10,1,1,False,0.5,.X....XX..,3,5,3,5,-2,0,0.5,-0.5
Wormholes,38,10,1,1,False,0.5,.XX..X.XXX,6,4,6,5,1,0,0.5,-0.5
Wormholes,39,10,1,1,False,0.5,...XX.X...,3,5,3,5,-2,0,0.5,-0.5
Wormholes,40,10,1,1,False,0.5,..XX.....X,3,6,3,5,-2,0,0.5,-0.5
Wormholes,41,10,1,1,False,0.5,XX.XXXXX..,7,6,7,5,2,0,0.5,-0.5
Wormholes,42,10,1,1,False,0.5,X..X.XX.XX,6,3,6,5,1,0,0.5,-0.5
Wormholes,43,10,1,1,False,0.5,XX.X......,3,6,3,5,-2,0,0.5,-0.5
Wormholes,44,10,1,1,False,0.5,.XX.XXXXX.,7,5,7,5,2,0,0.5,-0.5
Wormholes,45,10,1,1,False,0.5,........X.,1,7,1,5,-4,0,0.5,-0.5
Wormholes,46,10,1,1,False,0.5,..XX...XXX,5,6,5,5,0,0,0.5,-0.5
Wormholes,47,10,1,1,False,0.5,X.......X.,2,6,2,5,-3,0,0.5,-0.5
Wormholes,48,10,1,1,False,0.5,.XX.XX..X.,5,3,5,5,0,0,0.5,-0.5
Wormholes,49,10,1,1,False,0.5,.XXX...X.X,5,4,5,5,0,0,0.5,-0.5
Wormholes,50,10,1,1,False,0.5,....X.....,1,7,1,5,-4,0,0.5,-0.5
Wormholes,51,10,1,1,False,0.5,.X.XXX.X..,5,3,5,5,0,0,0.5,-0.5
Wormholes,52,10,1,1,False,0.5,.X.X...XX.,4,3,4,5,-1,0,0.5,-0.5
Wormholes,53,10,1,1,False,0.5,XXX.X.X.XX,7,3,7,5,2,0,0.5,-0.5
Wormholes,54,10,1,1,False,0.5,.X..X.....,2,5,2,5,-3,0,0.5,-0.5
Wormholes,55,10,1,1,False,0.5,XX....XX.X,5,5,5,5,0,0,0.5,-0.5
Wormholes,56,10,1,1,False,0.5,XX..XXXX..,6,6,6,5,1,0,0.5,-0.5
Wormholes,57,10,1,1,False,0.5,.XX..X..X.,4,3,4,5,-1,0,0.5,-0.5
Wormholes,58,10,1,1,False,0.5,XX....XX.X,5,5,5,5,0,0,0.5,-0.5
Wormholes,59,10,1,1,False,0.5,XX..XXXXX.,7,6,7,5,2,0,0.5,-0.5
Wormholes,60,10,1,1,False,0.5,.XXXXXX...,6,7,6,5,1,0,0.5,-0.5
Wormholes,61,10,1,1,False,0.5,.X..XX....,3,5,3,5,-2,0,0.5,-0.5
Wormholes,62,10,1,1,False,0.5,X..XX..XX.,5,4,5,5,0,0,0.5,-0.5
Wormholes,63,10,1,1,False,0.5,XX..XXXXXX,8,7,8,5,3,0,0.5,-0.5
Wormholes,64,10,1,1,False,0.5,X.XXXXXX..,7,6,7,5,2,0,0.5,-0.5
Wormholes,65,10,1,1,False,0.5,.XXX..XXX.,6,5,6,5,1,0,0.5,-0.5
Wormholes,66,10,1,1,False,0.5,XXXXXX....,6,8,6,5,1,0,0.5,-0.5
Wormholes,67,10,1,1,False,0.5,....X.X.XX,4,4,4,5,-1,0,0.5,-0.5
Wormholes,68,10,1,1,False,0.5,.XXXXXX..X,7,6,7,5,2,0,0.5,-0.5
Wormholes,69,10,1,1,False,0.5,XX..XX..X.,5,4,5,5,0,0,0.5,-0.5
Wormholes,70,10,1,1,False,0.5,XXXX..X.XX,7,5,7,5,2,0,0.5,-0.5
Wormholes,71,10,1,1,False,0.5,...X..X...,2,5,2,5,-3,0,0.5,-0.5
Wormholes,72,10,1,1,False,0.5,..X..XX...,3,5,3,5,-2,0,0.5,-0.5
Wormholes,73,10,1,1,False,0.5,XXX..XX.X.,6,4,6,5,1,0,0.5,-0.5
Wormholes,74,10,1,1,False,0.5,X....X..XX,4,5,4,5,-1,0,0.5,-0.5
Wormholes,75,10,1,1,False,0.5,X..X....X.,3,4,3,5,-2,0,0.5,-0.5
Wormholes,76,10,1,1,False,0.5,XX...XX.XX,6,5,6,5,1,0,0.5,-0.5
Wormholes,77,10,1,1,False,0.5,...XX..X.X,4,4,4,5,-1,0,0.5,-0.5
Wormholes,78,10,1,1,False,0.5,X.XXX.XX.X,7,3,7,5,2,0,0.5,-0.5
Wormholes,79,10,1,1,False,0.5,X.XXXXX.XX,8,5,8,5,3,0,0.5,-0.5
Wormholes,80,10,1,1,False,0.5,.X........,1,7,1,5,-4,0,0.5,-0.5
Wormholes,81,10,1,1,False,0.5,X......X..,2,6,2,5,-3,0,0.5,-0.5
Wormholes,82,10,1,1,False,0.5,X.X...X...,3,4,3,5,-2,0,0.5,-0.5
Wormholes,83,10,1,1,False,0.5,XX..XX..X.,5,4,5,5,0,0,0.5,-0.5
Wormholes,84,10,1,1,False,0.5,.X...XX..X,4,4,4,5,-1,0,0.5,-0.5
Wormholes,85,10,1,1,False,0.5,.X.XX..X..,4,3,4,5,-1,0,0.5,-0.5
Wormholes,86,10,1,1,False,0.5,.XX..X.XX.,5,3,5,5,0,0,0.5,-0.5
Wormholes,87,10,1,1,False,0.5,.X.XX..X.X,5,2,5,5,0,0,0.5,-0.5
Wormholes,88,10,1,1,False,0.5,.X.......X,2,6,2,5,-3,0,0.5,-0.5
Wormholes,89,10,1,1,False,0.5,XX.XXX.X..,6,4,6,5,1,0,0.5,-0.5
Wormholes,90,10,1,1,False,0.5,..XX.X...X,4,4,4,5,-1,0,0.5,-0.5
Wormholes,91,10,1,1,False,0.5,X..XX...XX,5,5,5,5,0,0,0.5,-0.5
Wormholes,92,10,1,1,False,0.5,X...X.....,2,6,2,5,-3,0,0.5,-0.5
Wormholes,93,10,1,1,False,0.5,.XXXX.....,4,7,4,5,-1,0,0.5,-0.5
Wormholes,94,10,1,1,False,0.5,XX.X.X.XXX,7,3,7,5,2,0,0.5,-0.5
Wormholes,95,10,1,1,False,0.5,....XXXX..,4,7,4,5,-1,0,0.5,-0.5
Wormholes,96,10,1,1,False,0.5,..XX..X.XX,5,4,5,5,0,0,0.5,-0.5
Wormholes,97,10,1,1,False,0.5,XX.X.XXXXX,8,5,8,5,3,0,0.5,-0.5
Wormholes,98,10,1,1,False,0.5,.XXX.X..XX,6,4,6,5,1,0,0.5,-0.5
Wormholes,99,10,1,1,False,0.5,XX.X..X.X.,5,2,5,5,0,0,0.5,-0.5
Wormholes,100,10,1,1,False,0.5,..X..X....,2,5,2,5,-3,0,0.5,-0.5
Wormholes,1,10,1,1,True,0.5,X..XX...X.,4,4,4,5,-1,0,0.5,-0.5
Wormholes,2,10,1,1,True,0.5,XX.X.X..XX,6,3,6,5,1,0,0.5,-0.5
Wormholes,3,10,1,1,True,0.5,.XXXX.XXX.,7,5,7,5,2,0,0.5,-0.5
Wormholes,4,10,1,1,True,0.5,.XX.....XX,4,6,4,5,-1,0,0.5,-0.5
Wormholes,5,10,1,1,True,0.5,XX....XX.X,5,5,5,5,0,0,0.5,-0.5
Wormholes,6,10,1,1,True,0.5,.XX..X....,3,5,3,5,-2,0,0.5,-0.5
Wormholes,7,10,1,1,True,0.5,X.X.XX.XXX,7,3,7,5,2,0,0.5,-0.5
Wormholes,8,10,1,1,True,0.5,X.....X.XX,4,5,4,5,-1,0,0.5,-0.5
Wormholes,9,10,1,1,True,0.5,...XXXX.XX,6,6,6,5,1,0,0.5,-0.5
Wormholes,10,10,1,1,True,0.5,....X.XXX.,4,5,4,5,-1,0,0.5,-0.5
Wormholes,11,10,1,1,True,0.5,X.......XX,3,7,3,5,-2,0,0.5,-0.5
Wormholes,12,10,1,1,True,0.5,XXX...X...,4,6,4,5,-1,0,0.5,-0.5
Wormholes,13,10,1,1,True,0.5,XXXXXX.X..,7,6,7,5,2,0,0.5,-0.5
Wormholes,14,10,1,1,True,0.5,.X.XXX.X.X,6,2,6,5,1,0,0.5,-0.5
Wormholes,15,10,1,1,True,0.5,X.XX.XXX..,6,4,6,5,1,0,0.5,-0.5
Wormholes,16,10,1,1,True,0.5,X.XX.X.XXX,7,3,7,5,2,0,0.5,-0.5
Wormholes,17,10,1,1,True,0.5,XX.XXXX.X.,7,4,7,5,2,0,0.5,-0.5
Wormholes,18,10,1,1,True,0.5,.X.X.X...X,4,2,4,5,-1,0,0.5,-0.5
Wormholes,19,10,1,1,True,0.5,XXXXXXXXX.,9,8,9,5,4,0,0.5,-0.5
Wormholes,20,10,1,1,True,0.5,X.X..XXXXX,7,5,7,5,2,0,0.5,-0.5
Wormholes,21,10,1,1,True,0.5,X..XX.X.X.,5,2,5,5,0,0,0.5,-0.5
Wormholes,22,10,1,1,True,0.5,XX.XXXX...,6,6,6,5,1,0,0.5,-0.5
Wormholes,23,10,1,1,True,0.5,.X.X.X..X.,4,1,4,5,-1,0,0.5,-0.5
Wormholes,24,10,1,1,True,0.5,XXXXX.X..X,7,5,7,5,2,0,0.5,-0.5
Wormholes,25,10,1,1,True,0.5,XXX.X.XX.X,7,3,7,5,2,0,0.5,-0.5
Wormholes,26,10,1,1,True,0.5,.XX...X..X,4,4,4,5,-1,0,0.5,-0.5
Wormholes,27,10,1,1,True,0.5,.X...XX.X.,4,3,4,5,-1,0,0.5,-0.5
Wormholes,28,10,1,1,True,0.5,.XX.XX.X.X,6,2,6,5,1,0,0.5,-0.5
Wormholes,29,10,1,1,True,0.5,.X....X.X.,3,3,3,5,-2,0,0.5,-0.5
Wormholes,30,10,1,1,True,0.5,X.XX..XXX.,6,4,6,5,1,0,0.5,-0.5
Wormholes,31,10,1,1,True,0.5,..X.....XX,3,6,3,5,-2,0,0.5,-0.5
Wormholes,32,10,1,1,True,0.5,..X..XX..X,4,4,4,5,-1,0,0.5,-0.5
Wormholes,33,10,1,1,True,0.5,.XXX.XXXXX,8,6,8,5,3,0,0.5,-0.5
Wormholes,34,10,1,1,True,0.5,XXXX..X.XX,7,5,7,5,2,0,0.5,-0.5
Wormholes,35,10,1,1,True,0.5,X.....X.X.,3,4,3,5,-2,0,0.5,-0.5
Wormholes,36,10,1,1,True,0.5,XX.X...X..,4,4,4,5,-1,0,0.5,-0.5
Wormholes,37,10,1,1,True,0.5,......XXX.,3,7,3,5,-2,0,0.5,-0.5
Wormholes,38,10,1,1,True,0.5,...X...X..,2,5,2,5,-3,0,0.5,-0.5
Wormholes,39,10,1,1,True,0.5,XX....X.X.,4,4,4,5,-1,0,0.5,-0.5
Wormholes,40,10,1,1,True,0.5,.X.X.X.XXX,6,2,6,5,1,0,0.5,-0.5
Wormholes,41,10,1,1,True,0.5,X.....X.X.,3,4,3,5,-2,0,0.5,-0.5
Wormholes,42,10,1,1,True,0.5,....X.X.XX,4,4,4,5,-1,0,0.5,-0.5
Wormholes,43,10,1,1,True,0.5,X..XXXXX..,6,6,6,5,1,0,0.5,-0.5
Wormholes,44,10,1,1,True,0.5,..X.X..X.X,4,2,4,5,-1,0,0.5,-0.5
Wormholes,45,10,1,1,True,0.5,...X.X...X,3,4,3,5,-2,0,0.5,-0.5
Wormholes,46,10,1,1,True,0.5,X..XX.X.XX,6,3,6,5,1,0,0.5,-0.5
Wormholes,47,10,1,1,True,0.5,.XXX.XX.XX,7,4,7,5,2,0,0.5,-0.5
Wormholes,48,10,1,1,True,0.5,X.X..XXXXX,7,5,7,5,2,0,0.5,-0.5
Wormholes,49,10,1,1,True,0.5,...XX..X.X,4,4,4,5,-1,0,0.5,-0.5
Wormholes,50,10,1,1,True,0.5,.XXXXXX..X,7,6,7,5,2,0,0.5,-0.5
Wormholes,51,10,1,1,True,0.5,X.XXXX..XX,7,5,7,5,2,0,0.5,-0.5
Wormholes,52,10,1,1,True,0.5,X.XXXXXX.X,8,5,8,5,3,0,0.5,-0.5
Wormholes,53,10,1,1,True,0.5,XXX.....XX,5,7,5,5,0,0,0.5,-0.5
Wormholes,54,10,1,1,True,0.5,X.....XX.X,4,5,4,5,-1,0,0.5,-0.5
Wormholes,55,10,1,1,True,0.5,X..XX.X...,4,4,4,5,-1,0,0.5,-0.5
Wormholes,56,10,1,1,True,0.5,.X.XX..XX.,5,3,5,5,0,0,0.5,-0.5
Wormholes,57,10,1,1,True,0.5,XX.X.X..X.,5,2,5,5,0,0,0.5,-0.5
Wormholes,58,10,1,1,True,0.5,X.XXX...X.,5,4,5,5,0,0,0.5,-0.5
Wormholes,59,10,1,1,True,0.5,.XXX.XXXX.,7,5,7,5,2,0,0.5,-0.5
Wormholes,60,10,1,1,True,0.5,XX..XX..X.,5,4,5,5,0,0,0.5,-0.5
Wormholes,61,10,1,1,True,0.5,XXX....X.X,5,5,5,5,0,0,0.5,-0.5
Wormholes,62,10,1,1,True,0.5,XX.X.X...X,5,3,5,5,0,0,0.5,-0.5
Wormholes,63,10,1,1,True,0.5,..XX..X..X,4,4,4,5,-1,0,0.5,-0.5
Wormholes,64,10,1,1,True,0.5,X..X.XXX.X,6,3,6,5,1,0,0.5,-0.5
Wormholes,65,10,1,1,True,0.5,X..X.XXX.X,6,3,6,5,1,0,0.5,-0.5
Wormholes,66,10,1,1,True,0.5,X.XXXXXXX.,8,6,8,5,3,0,0.5,-0.5
Wormholes,67,10,1,1,True,0.5,.X.XXXXXXX,8,6,8,5,3,0,0.5,-0.5
Wormholes,68,10,1,1,True,0.5,XXXX.X.X.X,7,3,7,5,2,0,0.5,-0.5
Wormholes,69,10,1,1,True,0.5,XXX..XXXXX,8,7,8,5,3,0,0.5,-0.5
Wormholes,70,10,1,1,True,0.5,.X...X.XX.,4,3,4,5,-1,0,0.5,-0.5
Wormholes,71,10,1,1,True,0.5,X..X..XXXX,6,5,6,5,1,0,0.5,-0.5
Wormholes,72,10,1,1,True,0.5,..XXXX.XX.,6,5,6,5,1,0,0.5,-0.5
Wormholes,73,10,1,1,True,0.5,XX.XX..X.X,6,3,6,5,1,0,0.5,-0.5
Wormholes,74,10,1,1,True,0.5,X..X.X.XXX,6,3,6,5,1,0,0.5,-0.5
Wormholes,75,10,1,1,True,0.5,XXXXXXX..X,8,7,8,5,3,0,0.5,-0.5
Wormholes,76,10,1,1,True,0.5,.X.XX..XX.,5,3,5,5,0,0,0.5,-0.5
Wormholes,77,10,1,1,True,0.5,XX.XXXXX..,7,6,7,5,2,0,0.5,-0.5
Wormholes,78,10,1,1,True,0.5,....XX...X,3,6,3,5,-2,0,0.5,-0.5
Wormholes,79,10,1,1,True,0.5,X....X.XX.,4,4,4,5,-1,0,0.5,-0.5
Wormholes,80,10,1,1,True,0.5,.XXX.XX..X,6,4,6,5,1,0,0.5,-0.5
Wormholes,81,10,1,1,True,0.5,XX..X..X..,4,4,4,5,-1,0,0.5,-0.5
Wormholes,82,10,1,1,True,0.5,X....X.XXX,5,5,5,5,0,0,0.5,-0.5
Wormholes,83,10,1,1,True,0.5,...XXXXXXX,7,8,7,5,2,0,0.5,-0.5
Wormholes,84,10,1,1,True,0.5,...X.X.XXX,5,4,5,5,0,0,0.5,-0.5
Wormholes,85,10,1,1,True,0.5,X...X..XXX,5,5,5,5,0,0,0.5,-0.5
Wormholes,86,10,1,1,True,0.5,XX.X.XX.X.,6,2,6,5,1,0,0.5,-0.5
Wormholes,87,10,1,1,True,0.5,X....XX.XX,5,5,5,5,0,0,0.5,-0.5
Wormholes,88,10,1,1,True,0.5,XXX.XX..X.,6,4,6,5,1,0,0.5,-0.5
Wormholes,89,10,1,1,True,0.5,.X.XX.....,3,5,3,5,-2,0,0.5,-0.5
Wormholes,90,10,1,1,True,0.5,...X.XXX.X,5,4,5,5,0,0,0.5,-0.5
Wormholes,91,10,1,1,True,0.5,.X.X...XX.,4,3,4,5,-1,0,0.5,-0.5
Wormholes,92,10,1,1,True,0.5,XXXXXXX.XX,9,7,9,5,4,0,0.5,-0.5
Wormholes,93,10,1,1,True,0.5,XX.XXXX.X.,7,4,7,5,2,0,0.5,-0.5
Wormholes,94,10,1,1,True,0.5,.X..XX.XX.,5,3,5,5,0,0,0.5,-0.5
Wormholes,95,10,1,1,True,0.5,..X..X.XX.,4,3,4,5,-1,0,0.5,-0.5
Wormholes,96,10,1,1,True,0.5,XX.XXX.XX.,7,4,7,5,2,0,0.5,-0.5
Wormholes,97,10,1,1,True,0.5,.X.X..XXX.,5,3,5,5,0,0,0.5,-0.5
Wormholes,98,10,1,1,True,0.5,XXXXX..XXX,8,7,8,5,3,0,0.5,-0.5
Wormholes,99,10,1,1,True,0.5,XXXXXXX.XX,9,7,9,5,4,0,0.5,-0.5
Wormholes,100,10,1,1,True,0.5,..X.X..XXX,5,4,5,5,0,0,0.5,-0.5
Wormholes,1,10,1,1,True,1,X.XXX.XX.X,7,3,7,5,2,0,0.5,-0.5
Wormholes,2,10,1,1,True,1,XXXXXX.XXX,9,7,9,5,4,0,0.5,-0.5
Wormholes,3,10,1,1,True,1,X.XXX..XX.,6,4,6,5,1,0,0.5,-0.5
Wormholes,4,10,1,1,True,1,..X..XX.XX,5,4,5,5,0,0,0.5,-0.5
Wormholes,5,10,1,1,True,1,X.X.XXXXX.,7,4,7,5,2,0,0.5,-0.5
Wormholes,6,10,1,1,True,1,XX.XXX..X.,6,4,6,5,1,0,0.5,-0.5
Wormholes,7,10,1,1,True,1,X.XX.X...X,5,3,5,5,0,0,0.5,-0.5
Wormholes,8,10,1,1,True,1,X.XX..XX..,5,4,5,5,0,0,0.5,-0.5
Wormholes,9,10,1,1,True,1,XXX..XXX..,6,6,6,5,1,0,0.5,-0.5
Wormholes,10,10,1,1,True,1,XXX......X,4,7,4,5,-1,0,0.5,-0.5
Wormholes,11,10,1,1,True,1,.X...X..X.,3,3,3,5,-2,0,0.5,-0.5
Wormholes,12,10,1,1,True,1,..X...X...,2,5,2,5,-3,0,0.5,-0.5
Wormholes,13,10,1,1,True,1,XXXX..X.X.,6,4,6,5,1,0,0.5,-0.5
Wormholes,14,10,1,1,True,1,XX...XXXXX,7,7,7,5,2,0,0.5,-0.5
Wormholes,15,10,1,1,True,1,..XX.XXXX.,6,5,6,5,1,0,0.5,-0.5
Wormholes,16,10,1,1,True,1,.X..X..XXX,5,4,5,5,0,0,0.5,-0.5
Wormholes,17,10,1,1,True,1,..XX.X.X..,4,3,4,5,-1,0,0.5,-0.5
Wormholes,18,10,1,1,True,1,XX..X.....,3,6,3,5,-2,0,0.5,-0.5
Wormholes,19,10,1,1,True,1,XX.XX..XXX,7,5,7,5,2,0,0.5,-0.5
Wormholes,20,10,1,1,True,1,.X.XX...XX,5,4,5,5,0,0,0.5,-0.5
Wormholes,21,10,1,1,True,1,.X..X..X..,3,3,3,5,-2,0,0.5,-0.5
Wormholes,22,10,1,1,True,1,.X.XXX...X,5,4,5,5,0,0,0.5,-0.5
Wormholes,23,10,1,1,True,1,.XXXX.....,4,7,4,5,-1,0,0.5,-0.5
Wormholes,24,10,1,1,True,1,X..XX.X.X.,5,2,5,5,0,0,0.5,-0.5
Wormholes,25,10,1,1,True,1,XXXXXX.XX.,8,6,8,5,3,0,0.5,-0.5
Wormholes,26,10,1,1,True,1,X.XXXXXXX.,8,6,8,5,3,0,0.5,-0.5
Wormholes,27,10,1,1,True,1,.....XXX..,3,7,3,5,-2,0,0.5,-0.5
Wormholes,28,10,1,1,True,1,XX.X..X.X.,5,2,5,5,0,0,0.5,-0.5
Wormholes,29,10,1,1,True,1,XX.X..XX.X,6,3,6,5,1,0,0.5,-0.5
Wormholes,30,10,1,1,True,1,XX.X.XX...,5,4,5,5,0,0,0.5,-0.5
Wormholes,31,10,1,1,True,1,X.X.XXXXXX,8,5,8,5,3,0,0.5,-0.5
Wormholes,32,10,1,1,True,1,.X.X.XXX.X,6,2,6,5,1,0,0.5,-0.5
Wormholes,33,10,1,1,True,1,.X.XX...X.,4,3,4,5,-1,0,0.5,-0.5
Wormholes,34,10,1,1,True,1,..XXXXXXXX,8,8,8,5,3,0,0.5,-0.5
Wormholes,35,10,1,1,True,1,.X.XXXXX..,6,5,6,5,1,0,0.5,-0.5
Wormholes,36,10,1,1,True,1,.X.X.X....,3,3,3,5,-2,0,0.5,-0.5
Wormholes,37,10,1,1,True,1,X...XX...X,4,5,4,5,-1,0,0.5,-0.5
Wormholes,38,10,1,1,True,1,X..XX....X,4,5,4,5,-1,0,0.5,-0.5
Wormholes,39,10,1,1,True,1,.X.X.XX...,4,3,4,5,-1,0,0.5,-0.5
Wormholes,40,10,1,1,True,1,X.XX..X.XX,6,3,6,5,1,0,0.5,-0.5
Wormholes,41,10,1,1,True,1,XX.X..XXXX,7,5,7,5,2,0,0.5,-0.5
Wormholes,42,10,1,1,True,1,XX.XXX...X,6,5,6,5,1,0,0.5,-0.5
Wormholes,43,10,1,1,True,1,X..XX.X..X,5,3,5,5,0,0,0.5,-0.5
Wormholes,44,10,1,1,True,1,XXX...X.X.,5,4,5,5,0,0,0.5,-0.5
Wormholes,45,10,1,1,True,1,.X......XX,3,6,3,5,-2,0,0.5,-0.5
Wormholes,46,10,1,1,True,1,..XXX....X,4,6,4,5,-1,0,0.5,-0.5
Wormholes,47,10,1,1,True,1,X.X.X..XXX,6,3,6,5,1,0,0.5,-0.5
Wormholes,48,10,1,1,True,1,..X..XX...,3,5,3,5,-2,0,0.5,-0.5
Wormholes,49,10,1,1,True,1,.....XX...,2,7,2,5,-3,0,0.5,-0.5
Wormholes,50,10,1,1,True,1,XXX..XX.X.,6,4,6,5,1,0,0.5,-0.5
Wormholes,51,10,1,1,True,1,.X..XXX..X,5,4,5,5,0,0,0.5,-0.5
Wormholes,52,10,1,1,True,1,.X..XXXX..,5,5,5,5,0,0,0.5,-0.5
Wormholes,53,10,1,1,True,1,XXXXXX...X,7,7,7,5,2,0,0.5,-0.5
Wormholes,54,10,1,1,True,1,XX.XXXX.X.,7,4,7,5,2,0,0.5,-0.5
Wormholes,55,10,1,1,True,1,...X.XXXX.,5,5,5,5,0,0,0.5,-0.5
Wormholes,56,10,1,1,True,1,XX.X...X..,4,4,4,5,-1,0,0.5,-0.5
Wormholes,57,10,1,1,True,1,XXX.X.X.XX,7,3,7,5,2,0,0.5,-0.5
Wormholes,58,10,1,1,True,1,XXX..XX.X.,6,4,6,5,1,0,0.5,-0.5
Wormholes,59,10,1,1,True,1,X.XX.X.XX.,6,2,6,5,1,0,0.5,-0.5
Wormholes,60,10,1,1,True,1,X.X.....X.,3,4,3,5,-2,0,0.5,-0.5
Wormholes,61,10,1,1,True,1,.XXXXX...X,6,6,6,5,1,0,0.5,-0.5
Wormholes,62,10,1,1,True,1,XX.XXX.XX.,7,4,7,5,2,0,0.5,-0.5
Wormholes,63,10,1,1,True,1,X.X...XX..,4,4,4,5,-1,0,0.5,-0.5
Wormholes,64,10,1,1,True,1,..X.X.X..X,4,2,4,5,-1,0,0.5,-0.5
Wormholes,65,10,1,1,True,1,XX..X.X.XX,6,3,6,5,1,0,0.5,-0.5
Wormholes,66,10,1,1,True,1,.XX...XXXX,6,6,6,5,1,0,0.5,-0.5
Wormholes,67,10,1,1,True,1,X..XXX..XX,6,5,6,5,1,0,0.5,-0.5
Wormholes,68,10,1,1,True,1,.X.X..X...,3,3,3,5,-2,0,0.5,-0.5
Wormholes,69,10,1,1,True,1,XXX.XX..X.,6,4,6,5,1,0,0.5,-0.5
Wormholes,70,10,1,1,True,1,..XXXX...X,5,6,5,5,0,0,0.5,-0.5
Wormholes,71,10,1,1,True,1,.XXXX.....,4,7,4,5,-1,0,0.5,-0.5
Wormholes,72,10,1,1,True,1,XX.X....X.,4,4,4,5,-1,0,0.5,-0.5
Wormholes,73,10,1,1,True,1,XXX..X....,4,6,4,5,-1,0,0.5,-0.5
Wormholes,74,10,1,1,True,1,X..XX....X,4,5,4,5,-1,0,0.5,-0.5
Wormholes,75,10,1,1,True,1,XX...X....,3,6,3,5,-2,0,0.5,-0.5
Wormholes,76,10,1,1,True,1,XXX...XX.X,6,5,6,5,1,0,0.5,-0.5
Wormholes,77,10,1,1,True,1,..X....XX.,3,5,3,5,-2,0,0.5,-0.5
Wormholes,78,10,1,1,True,1,X..XX.X.XX,6,3,6,5,1,0,0.5,-0.5
Wormholes,79,10,1,1,True,1,XXXX.X.XXX,8,5,8,5,3,0,0.5,-0.5
Wormholes,80,10,1,1,True,1,X..X..XXX.,5,4,5,5,0,0,0.5,-0.5
Wormholes,81,10,1,1,True,1,..XXXXXXX.,7,7,7,5,2,0,0.5,-0.5
Wormholes,82,10,1,1,True,1,.X.XXX...X,5,4,5,5,0,0,0.5,-0.5
Wormholes,83,10,1,1,True,1,XX..X.XXX.,6,4,6,5,1,0,0.5,-0.5
Wormholes,84,10,1,1,True,1,XXX.......,3,8,3,5,-2,0,0.5,-0.5
Wormholes,85,10,1,1,True,1,..X..XX..X,4,4,4,5,-1,0,0.5,-0.5
Wormholes,86,10,1,1,True,1,X.XXXX.XXX,8,5,8,5,3,0,0.5,-0.5
Wormholes,87,10,1,1,True,1,X.X...XX.X,5,3,5,5,0,0,0.5,-0.5
Wormholes,88,10,1,1,True,1,.X.XXXXX.X,7,4,7,5,2,0,0.5,-0.5
Wormholes,89,10,1,1,True,1,X.XXXX.X.X,7,3,7,5,2,0,0.5,-0.5
Wormholes,90,10,1,1,True,1,XX.XX..X..,5,4,5,5,0,0,0.5,-0.5
Wormholes,91,10,1,1,True,1,........X.,1,7,1,5,-4,0,0.5,-0.5
Wormholes,92,10,1,1,True,1,.....XX...,2,7,2,5,-3,0,0.5,-0.5
Wormholes,93,10,1,1,True,1,XX.XX..X.X,6,3,6,5,1,0,0.5,-0.5
Wormholes,94,10,1,1,True,1,.X.X.XXXXX,7,4,7,5,2,0,0.5,-0.5
Wormholes,95,10,1,1,True,1,X.XX.XXXX.,7,4,7,5,2,0,0.5,-0.5
Wormholes,96,10,1,1,True,1,X.XXXXX..X,7,5,7,5,2,0,0.5,-0.5
Wormholes,97,10,1,1,True,1,..X......X,2,6,2,5,-3,0,0.5,-0.5
Wormholes,98,10,1,1,True,1,..XXX..XXX,6,6,6,5,1,0,0.5,-0.5
Wormholes,99,10,1,1,True,1,XX.XXXXX.X,8,5,8,5,3,0,0.5,-0.5
Wormholes,100,10,1,1,True,1,X..XX...XX,5,5,5,5,0,0,0.5,-0.5
Wormholes,1,20,1,1,True,0.5,....XXX.X.X.XX.XXXXX,12,10,12,10,2,0,0.5,-0.5
Wormholes,2,20,1,1,True,0.5,..XX.X..XXXXX.XX.XX.,12,9,12,10,2,0,0.5,-0.5
Wormholes,3,20,1,1,True,0.5,XX..X..X....X.XX.X..,8,8,8,10,-2,0,0.5,-0.5
Wormholes,4,20,1,1,True,0.5,.XX...X.XX.XX..XX...,9,9,9,10,-1,0,0.5,-0.5
Wormholes,5,20,1,1,True,0.5,....XX..XXXXX..X.XX.,10,11,10,10,0,0,0.5,-0.5
Wormholes,6,20,1,1,True,0.5,..X.XXXX..X.X...XXX.,10,9,10,10,0,0,0.5,-0.5
Wormholes,7,20,1,1,True,0.5,X.X.XXXX..XXX.XXXX..,13,10,13,10,3,0,0.5,-0.5
Wormholes,8,20,1,1,True,0.5,X.X.....XX..X..X.X.X,8,7,8,10,-2,0,0.5,-0.5
Wormholes,9,20,1,1,True,0.5,X.X.XXXXX.X.X....XXX,12,9,12,10,2,0,0.5,-0.5
Wormholes,10,20,1,1,True,0.5,.X...XX..X..X.X..X.X,8,6,8,10,-2,0,0.5,-0.5
Wormholes,11,20,1,1,True,0.5,.X...XXXXX...X....X.,8,11,8,10,-2,0,0.5,-0.5
Wormholes,12,20,1,1,True,0.5,....X.XXX..X.XXXX...,9,11,9,10,-1,0,0.5,-0.5
Wormholes,13,20,1,1,True,0.5,XXX.XX....X.....XXX.,9,12,9,10,-1,0,0.5,-0.5
Wormholes,14,20,1,1,True,0.5,..X.X....XX...XX...X,7,10,7,10,-3,0,0.5,-0.5
Wormholes,15,20,1,1,True,0.5,XXXX..X..XXX.X..XXXX,13,11,13,10,3,0,0.5,-0.5
Wormholes,16,20,1,1,True,0.5,XXX.X.X.XXX...X.XXX.,12,8,12,10,2,0,0.5,-0.5
Wormholes,17,20,1,1,True,0.5,....X..X...X.....XXX,6,12,6,10,-4,0,0.5,-0.5
Wormholes,18,20,1,1,True,0.5,X.X..XXX......X.XXX.,9,10,9,10,-1,0,0.5,-0.5
Wormholes,19,20,1,1,True,0.5,.....XX.XXX......XX.,7,13,7,10,-3,0,0.5,-0.5
Wormholes,20,20,1,1,True,0.5,.X.XX.XX.X...XXX..XX,11,8,11,10,1,0,0.5,-0.5
Wormholes,21,20,1,1,True,0.5,.X...XXXXX.X.X.X...X,10,8,10,10,0,0,0.5,-0.5
Wormholes,22,20,1,1,True,0.5,XXX...X.....XXX.XXX.,10,12,10,10,0,0,0.5,-0.5
Wormholes,23,20,1,1,True,0.5,.X....XX.X..X..XX.XX,9,8,9,10,-1,0,0.5,-0.5
Wormholes,24,20,1,1,True,0.5,...X.X..XX.XXXX...XX,10,10,10,10,0,0,0.5,-0.5
Wormholes,25,20,1,1,True,0.5,X..XX..XXXXX.XXX.X..,12,10,12,10,2,0,0.5,-0.5
Wormholes,26,20,1,1,True,0.5,.XX..X.....X.XX..XXX,9,10,9,10,-1,0,0.5,-0.5
Wormholes,27,20,1,1,True,0.5,.....XX.XXXX..X...X.,8,11,8,10,-2,0,0.5,-0.5
Wormholes,28,20,1,1,True,0.5,....XX..X.X.XX..XXX.,9,9,9,10,-1,0,0.5,-0.5
Wormholes,29,20,1,1,True,0.5,XX....XX..XXX...XX..,9,12,9,10,-1,0,0.5,-0.5
Wormholes,30,20,1,1,True,0.5,.X..X..XXXX..XXXXX.X,12,10,12,10,2,0,0.5,-0.5
Wormholes,31,20,1,1,True,0.5,.X.XX..XX.X..X..X..X,9,6,9,10,-1,0,0.5,-0.5
Wormholes,32,20,1,1,True,0.5,.X...X....XXXXX.X.XX,10,10,10,10,0,0,0.5,-0.5
Wormholes,33,20,1,1,True,0.5,X.XXX.XXXX...X.X..X.,11,8,11,10,1,0,0.5,-0.5
Wormholes,34,20,1,1,True,0.5,XX..X..XX.XX.XX..X..,10,8,10,10,0,0,0.5,-0.5
Wormholes,35,20,1,1,True,0.5,.XXXXX.....XX...XX.X,10,12,10,10,0,0,0.5,-0.5
Wormholes,36,20,1,1,True,0.5,X.X..XXXX..XXX.....X,10,11,10,10,0,0,0.5,-0.5
Wormholes,37,20,1,1,True,0.5,X.......X...XXX.X...,6,12,6,10,-4,0,0.5,-0.5
Wormholes,38,20,1,1,True,0.5,.X.X.....XXX.X.X.X..,8,7,8,10,-2,0,0.5,-0.5
Wormholes,39,20,1,1,True,0.5,.XXX..X..X.X.XXX.XXX,12,8,12,10,2,0,0.5,-0.5
Wormholes,40,20,1,1,True,0.5,XX......XX.XX..XX..X,9,11,9,10,-1,0,0.5,-0.5
Wormholes,41,20,1,1,True,0.5,X.XXX..XX..XXXXXX.XX,14,11,14,10,4,0,0.5,-0.5
Wormholes,42,20,1,1,True,0.5,XX.X..XX...XXXXXX.X.,12,10,12,10,2,0,0.5,-0.5
Wormholes,43,20,1,1,True,0.5,.X.X..X..X.XXXXXX...,10,9,10,10,0,0,0.5,-0.5
Wormholes,44,20,1,1,True,0.5,...XX.X..XX.X.X..XXX,10,8,10,10,0,0,0.5,-0.5
Wormholes,45,20,1,1,True,0.5,...XXXX.XX...X.X....,8,11,8,10,-2,0,0.5,-0.5
Wormholes,46,20,1,1,True,0.5,..X..X.X...X..X....X,6,8,6,10,-4,0,0.5,-0.5
Wormholes,47,20,1,1,True,0.5,X.XXXXX.XX.XX.......,10,12,10,10,0,0,0.5,-0.5
Wormholes,48,20,1,1,True,0.5,.XX.XX....X.XXX..X.X,10,8,10,10,0,0,0.5,-0.5
Wormholes,49,20,1,1,True,0.5,X.X.....XXX.X.XXXX..,10,10,10,10,0,0,0.5,-0.5
Wormholes,50,20,1,1,True,0.5,X.X.XXX.X.X.XX.X....,10,6,10,10,0,0,0.5,-0.5
Wormholes,51,20,1,1,True,0.5,XXX..XX..X......XX.X,9,11,9,10,-1,0,0.5,-0.5
Wormholes,52,20,1,1,True,0.5,..X..XX...X.XX..X.X.,8,7,8,10,-2,0,0.5,-0.5
Wormholes,53,20,1,1,True,0.5,XX.X...X.X..X..X....,7,8,7,10,-3,0,0.5,-0.5
Wormholes,54,20,1,1,True,0.5,XXX.X.XXX..X...XXX..,11,10,11,10,1,0,0.5,-0.5
Wormholes,55,20,1,1,True,0.5,...XXX..X..X.XX.XXX.,10,9,10,10,0,0,0.5,-0.5
Wormholes,56,20,1,1,True,0.5,XX...XXX...XXX..X.X.,10,10,10,10,0,0,0.5,-0.5
Wormholes,57,20,1,1,True,0.5,XXXX.XX.XXX..XX.....,11,12,11,10,1,0,0.5,-0.5
Wormholes,58,20,1,1,True,0.5,X....XX..X....XX...X,7,11,7,10,-3,0,0.5,-0.5
Wormholes,59,20,1,1,True,0.5,X.XXX.X.XXXX.XXX...X,13,9,13,10,3,0,0.5,-0.5
Wormholes,60,20,1,1,True,0.5,X.XX..X.XX...X.X.XXX,11,7,11,10,1,0,0.5,-0.5
Wormholes,61,20,1,1,True,0.5,...XX..X..XX.XX..X..,8,9,8,10,-2,0,0.5,-0.5
Wormholes,62,20,1,1,True,0.5,XXXXXX.XXX..XXXXX.X.,15,12,15,10,5,0,0.5,-0.5
Wormholes,63,20,1,1,True,0.5,X.XXX.XXXX..X..XX.XX,13,9,13,10,3,0,0.5,-0.5
Wormholes,64,20,1,1,True,0.5,X.X...X..XXXX..X....,8,10,8,10,-2,0,0.5,-0.5
Wormholes,65,20,1,1,True,0.5,XXX.X.XX.XXXX.XXXX..,14,10,14,10,4,0,0.5,-0.5
Wormholes,66,20,1,1,True,0.5,..X..X.X.XXX...X.XXX,10,8,10,10,0,0,0.5,-0.5
Wormholes,67,20,1,1,True,0.5,X.X.XXXX.X.XXXXXXXXX,16,11,16,10,6,0,0.5,-0.5
Wormholes,68,20,1,1,True,0.5,XXX...XX.X.X.XXXX.X.,12,8,12,10,2,0,0.5,-0.5
Wormholes,69,20,1,1,True,0.5,X.X.....XX...X..X.X.,7,8,7,10,-3,0,0.5,-0.5
Wormholes,70,20,1,1,True,0.5,XX...X...XX...XXXX..,9,12,9,10,-1,0,0.5,-0.5
Wormholes,71,20,1,1,True,0.5,X..X...X.X...XX.X..X,8,7,8,10,-2,0,0.5,-0.5
Wormholes,72,20,1,1,True,0.5,X.X.....XX.XX.X.XXX.,10,8,10,10,0,0,0.5,-0.5
Wormholes,73,20,1,1,True,0.5,..XXXXX...XX.X.X.X..,10,9,10,10,0,0,0.5,-0.5
Wormholes,74,20,1,1,True,0.5,.XXX.X.XX.XX.X..X..X,11,6,11,10,1,0,0.5,-0.5
Wormholes,75,20,1,1,True,0.5,...X.XXX..X.XX...X.X,9,8,9,10,-1,0,0.5,-0.5
Wormholes,76,20,1,1,True,0.5,X.X....XX..X.XXXXXX.,11,10,11,10,1,0,0.5,-0.5
Wormholes,77,20,1,1,True,0.5,..X.XXXXX.X..X.XX.X.,11,7,11,10,1,0,0.5,-0.5
Wormholes,78,20,1,1,True,0.5,X...X....X.XX...XX..,7,10,7,10,-3,0,0.5,-0.5
Wormholes,79,20,1,1,True,0.5,.XXX.X.X..XX.X.X.X..,10,5,10,10,0,0,0.5,-0.5
Wormholes,80,20,1,1,True,0.5,X....XX.X.XX.XXX...X,10,9,10,10,0,0,0.5,-0.5
Wormholes,81,20,1,1,True,0.5,XXX.X.X...X...XXXX.X,11,9,11,10,1,0,0.5,-0.5
Wormholes,82,20,1,1,True,0.5,..XX..X..X.X.X.XX...,8,7,8,10,-2,0,0.5,-0.5
Wormholes,83,20,1,1,True,0.5,.XXXXXXXX......X...X,10,14,10,10,0,0,0.5,-0.5
Wormholes,84,20,1,1,True,0.5,..X.XXXX...X...X.XX.,9,9,9,10,-1,0,0.5,-0.5
Wormholes,85,20,1,1,True,0.5,X.X..X..X....XX.....,6,10,6,10,-4,0,0.5,-0.5
Wormholes,86,20,1,1,True,0.5,..XXX.......X.X..XXX,8,12,8,10,-2,0,0.5,-0.5
Wormholes,87,20,1,1,True,0.5,..XX..X..XX.X..X.XX.,9,7,9,10,-1,0,0.5,-0.5
Wormholes,88,20,1,1,True,0.5,..XX...X.XXXXXXX....,10,13,10,10,0,0,0.5,-0.5
Wormholes,89,20,1,1,True,0.5,XX.X....XX.XXX...XXX,11,11,11,10,1,0,0.5,-0.5
Wormholes,90,20,1,1,True,0.5,X.XX.XXXX.........XX,9,13,9,10,-1,0,0.5,-0.5
Wormholes,91,20,1,1,True,0.5,XXXXX.X..XX..X..X.X.,11,8,11,10,1,0,0.5,-0.5
Wormholes,92,20,1,1,True,0.5,XXXX..X.X.X.XXX..XX.,12,8,12,10,2,0,0.5,-0.5
Wormholes,93,20,1,1,True,0.5,..XX...X.XX.XX.XX..X,10,8,10,10,0,0,0.5,-0.5
Wormholes,94,20,1,1,True,0.5,X...X.X.XX.X.X....X.,8,6,8,10,-2,0,0.5,-0.5
Wormholes,95,20,1,1,True,0.5,.....X.X.XX.....XX..,6,11,6,10,-4,0,0.5,-0.5
Wormholes,96,20,1,1,True,0.5,.....XXXX.X.X.X.X.X.,9,7,9,10,-1,0,0.5,-0.5
Wormholes,97,20,1,1,True,0.5,X...XXX.XX..X....X..,8,10,8,10,-2,0,0.5,-0.5
Wormholes,98,20,1,1,True,0.5,.XXX.XX..XXX.XX.....,10,11,10,10,0,0,0.5,-0.5
Wormholes,99,20,1,1,True,0.5,XXX..XXXX.XXX....XX.,12,12,12,10,2,0,0.5,-0.5
Wormholes,100,20,1,1,True,0.5,XX...X..X.XX..X.XXX.,10,8,10,10,0,0,0.5,-0.5
Wormholes,1,25,1,1,False,0,X....XX..X.XXXXXX.X....X.,12,13,12,12.5,-0.5,0,0.5,-0.5
Wormholes,2,25,1,1,False,0,.X.X..X.X.XX.X.X..XX.X.X.,12,4,12,12.5,-0.5,0,0.5,-0.5
Wormholes,3,25,1,1,False,0,X.X.X...X.XX.X...X..XX...,10,9,10,12.5,-2.5,0,0.5,-0.5
Wormholes,4,25,1,1,False,0,...X.XX..XX.X.XXX.XXXXXXX,16,13,16,12.5,3.5,0,0.5,-0.5
Wormholes,5,25,1,1,False,0,.....XX.XXXXXXXX..XX..X.X,14,15,14,12.5,1.5,0,0.5,-0.5
Wormholes,6,25,1,1,False,0,..XXXXX.XXX.X..XX.XX.X..X,15,11,15,12.5,2.5,0,0.5,-0.5
Wormholes,7,25,1,1,False,0,X.X..XXX.X.XXX..XXX.X..XX,15,10,15,12.5,2.5,0,0.5,-0.5
Wormholes,8,25,1,1,False,0,XX.XX...XX.....X.X..X.XX.,11,11,11,12.5,-1.5,0,0.5,-0.5
Wormholes,9,25,1,1,False,0,XX.XXX.XXX.X......X...XXX,13,14,13,12.5,0.5,0,0.5,-0.5
Wormholes,10,25,1,1,False,0,.XX..X.X.XXX.XXXXXXX.XX..,16,12,16,12.5,3.5,0,0.5,-0.5
Wormholes,11,25,1,1,False,0,XXX.XX....XX.X.XX.XXXX.XX,16,12,16,12.5,3.5,0,0.5,-0.5
Wormholes,12,25,1,1,False,0,X.X..X..XXX...X.XX.....X.,10,11,10,12.5,-2.5,0,0.5,-0.5
Wormholes,13,25,1,1,False,0,.....XXXX....XX......XXX.,9,18,9,12.5,-3.5,0,0.5,-0.5
Wormholes,14,25,1,1,False,0,..X...XXXXXXXXXX..X.X..XX,15,15,15,12.5,2.5,0,0.5,-0.5
Wormholes,15,25,1,1,False,0,....XXX.X..X...X.XXXX.X.X,12,11,12,12.5,-0.5,0,0.5,-0.5
Wormholes,16,25,1,1,False,0,.X..XXXXXXX.X..X.XX.XX...,14,12,14,12.5,1.5,0,0.5,-0.5
Wormholes,17,25,1,1,False,0,XX.XX..XXXXXXXXXXX...X..X,17,16,17,12.5,4.5,0,0.5,-0.5
Wormholes,18,25,1,1,False,0,...X.XX.XX.X.X...X.X..X..,10,8,10,12.5,-2.5,0,0.5,-0.5
Wormholes,19,25,1,1,False,0,X..X.X.XX.X..X.X.XX..XX..,12,7,12,12.5,-0.5,0,0.5,-0.5
Wormholes,20,25,1,1,False,0,.XXX..X.X...X..X.X..XX..X,11,9,11,12.5,-1.5,0,0.5,-0.5
Wormholes,21,25,1,1,False,0,..XXXX.X.X.X.X....X...X.X,11,9,11,12.5,-1.5,0,0.5,-0.5
Wormholes,22,25,1,1,False,0,....XXX..XX.X.XXXXXX.XXX.,15,14,15,12.5,2.5,0,0.5,-0.5
Wormholes,23,25,1,1,False,0,X.X..X...X.X.XX...XXX.X.X,12,8,12,12.5,-0.5,0,0.5,-0.5
Wormholes,24,25,1,1,False,0,XXX.XX...X.XX....X.XX....,11,13,11,12.5,-1.5,0,0.5,-0.5
Wormholes,25,25,1,1,False,0,X...X.X..X.X.XXX.X...X...,10,9,10,12.5,-2.5,0,0.5,-0.5
Wormholes,26,25,1,1,False,0,XX..X.XXXXX.XXXXXX..X.XX.,17,13,17,12.5,4.5,0,0.5,-0.5
Wormholes,27,25,1,1,False,0,...X.XXX.X.XX.X..X..XX..X,12,9,12,12.5,-0.5,0,0.5,-0.5
Wormholes,28,25,1,1,False,0,.XXXXX..XX.X...XX..X.X...,12,12,12,12.5,-0.5,0,0.5,-0.5
Wormholes,29,25,1,1,False,0,.XXX.....X.X.XXX..XXXX...,12,14,12,12.5,-0.5,0,0.5,-0.5
Wormholes,30,25,1,1,False,0,XXXX..XX..XX.XXXX...X.XXX,16,14,16,12.5,3.5,0,0.5,-0.5
Wormholes,31,25,1,1,False,0,..X.X......XXXXXXXX.XXX.X,14,15,14,12.5,1.5,0,0.5,-0.5
Wormholes,32,25,1,1,False,0,.XXX.XXXX..XXX..X.X.....X,13,13,13,12.5,0.5,0,0.5,-0.5
Wormholes,33,25,1,1,False,0,X.....XX.X...X..XX....X.X,9,12,9,12.5,-3.5,0,0.5,-0.5
Wormholes,34,25,1,1,False,0,.X.X..X.XXX.X.X.XXXX.X.X.,14,6,14,12.5,1.5,0,0.5,-0.5
Wormholes,35,25,1,1,False,0,X.X.XXX.X..XX.XXXX..XXX.X,16,10,16,12.5,3.5,0,0.5,-0.5
Wormholes,36,25,1,1,False,0,..X.....X.X..X......XXX.X,8,13,8,12.5,-4.5,0,0.5,-0.5
Wormholes,37,25,1,1,False,0,.XX.XXX..X.XXXX..X.X..X.X,14,9,14,12.5,1.5,0,0.5,-0.5
Wormholes,38,25,1,1,False,0,XX..XXX...X.X.X.XX..X....,11,11,11,12.5,-1.5,0,0.5,-0.5
Wormholes,39,25,1,1,False,0,.XXX..XXX.XX.X....X...X..,11,12,11,12.5,-1.5,0,0.5,-0.5
Wormholes,40,25,1,1,False,0,XXXX..XX......X.X....X.XX,11,14,11,12.5,-1.5,0,0.5,-0.5
Wormholes,41,25,1,1,False,0,XXX.XX..XXX.XXXX...X.X.XX,16,12,16,12.5,3.5,0,0.5,-0.5
Wormholes,42,25,1,1,False,0,.X.X..XXXXXXX..X.X...XXXX,15,13,15,12.5,2.5,0,0.5,-0.5
Wormholes,43,25,1,1,False,0,.XXX.X..X...X.X.X..X.X..X,11,7,11,12.5,-1.5,0,0.5,-0.5
Wormholes,44,25,1,1,False,0,XXX..X..X.X..X.X..X.XXX.X,13,8,13,12.5,0.5,0,0.5,-0.5
Wormholes,45,25,1,1,False,0,...X.X.X.....XXX.X...XXX.,10,12,10,12.5,-2.5,0,0.5,-0.5
Wormholes,46,25,1,1,False,0,XX.X.X.X...XXXXXX.XX...X.,14,11,14,12.5,1.5,0,0.5,-0.5
Wormholes,47,25,1,1,False,0,XX..XX.X.XX.X....X.X.X...,11,9,11,12.5,-1.5,0,0.5,-0.5
Wormholes,48,25,1,1,False,0,......XXXX..XX..X.X...X.X,10,13,10,12.5,-2.5,0,0.5,-0.5
Wormholes,49,25,1,1,False,0,X..X..XX.XX...XX.....X.XX,11,12,11,12.5,-1.5,0,0.5,-0.5
Wormholes,50,25,1,1,False,0,XXX.X.XX.XXXXX.X.XXXX..XX,18,12,18,12.5,5.5,0,0.5,-0.5
Wormholes,51,25,1,1,False,0,.....X.XXXX.XX..XX.X..XX.,12,12,12,12.5,-0.5,0,0.5,-0.5
Wormholes,52,25,1,1,False,0,X....X...X..XX.X.X.X.X.XX,11,8,11,12.5,-1.5,0,0.5,-0.5
Wormholes,53,25,1,1,False,0,..XXXX.XXXX.XX.......XXXX,14,17,14,12.5,1.5,0,0.5,-0.5
Wormholes,54,25,1,1,False,0,.X.....X...X.X..X.XXX..XX,10,11,10,12.5,-2.5,0,0.5,-0.5
Wormholes,55,25,1,1,False,0,XXXX.X.X.XX.X.XX..XX..X.X,15,8,15,12.5,2.5,0,0.5,-0.5
Wormholes,56,25,1,1,False,0,XX.X....X.X.XXX.X....X..X,11,10,11,12.5,-1.5,0,0.5,-0.5
Wormholes,57,25,1,1,False,0,X.X..X.XX..XX.X.XX..X..X.,12,7,12,12.5,-0.5,0,0.5,-0.5
Wormholes,58,25,1,1,False,0,XXXX.....X..XXX..XX...XX.,12,15,12,12.5,-0.5,0,0.5,-0.5
Wormholes,59,25,1,1,False,0,.....X.X.XX.XXXX...X.....,9,14,9,12.5,-3.5,0,0.5,-0.5
Wormholes,60,25,1,1,False,0,.XXX..XX.XXXX.X.XX.X.X...,14,10,14,12.5,1.5,0,0.5,-0.5
Wormholes,61,25,1,1,False,0,..XXX.XXX.XXX.XX.X.XX.X.X,16,9,16,12.5,3.5,0,0.5,-0.5
Wormholes,62,25,1,1,False,0,X...X.XX....XX......X...X,8,14,8,12.5,-4.5,0,0.5,-0.5
Wormholes,63,25,1,1,False,0,X..X.X.X.....X.X....X....,7,11,7,12.5,-5.5,0,0.5,-0.5
Wormholes,64,25,1,1,False,0,XXXXXXX..X.XXX...X.X.X.XX,16,12,16,12.5,3.5,0,0.5,-0.5
Wormholes,65,25,1,1,False,0,X...X..XX.....XXXX.XX.XXX,13,14,13,12.5,0.5,0,0.5,-0.5
Wormholes,66,25,1,1,False,0,X.X...X.X..........XX.X.X,8,12,8,12.5,-4.5,0,0.5,-0.5
Wormholes,67,25,1,1,False,0,.......X..XXX.XXX..XXX...,10,16,10,12.5,-2.5,0,0.5,-0.5
Wormholes,68,25,1,1,False,0,XX.......X.X.X.X.X..X.X..,9,9,9,12.5,-3.5,0,0.5,-0.5
Wormholes,69,25,1,1,False,0,X...X...XXXX..X..X.X...X.,10,11,10,12.5,-2.5,0,0.5,-0.5
Wormholes,70,25,1,1,False,0,.XX..XXX...XXX..XX.X.XX.X,14,11,14,12.5,1.5,0,0.5,-0.5
Wormholes,71,25,1,1,False,0,XX..XX..X..XXX..XXXX.X.XX,15,12,15,12.5,2.5,0,0.5,-0.5
Wormholes,72,25,1,1,False,0,.X.XX....XX....X.X...XXX.,10,12,10,12.5,-2.5,0,0.5,-0.5
Wormholes,73,25,1,1,False,0,..XXX.XXX..X.XX...X..XXXX,14,13,14,12.5,1.5,0,0.5,-0.5
Wormholes,74,25,1,1,False,0,X..X...X.......X.X.XXX.XX,10,12,10,12.5,-2.5,0,0.5,-0.5
Wormholes,75,25,1,1,False,0,.XXX..XX...XX.X..XX..XX..,12,12,12,12.5,-0.5,0,0.5,-0.5
Wormholes,76,25,1,1,False,0,XXXXXXXX.....X.XXX.XXX.X.,16,15,16,12.5,3.5,0,0.5,-0.5
Wormholes,77,25,1,1,False,0,....XXX..X.X.XX...XX.X.X.,11,10,11,12.5,-1.5,0,0.5,-0.5
Wormholes,78,25,1,1,False,0,X..XX..X..XXXXXX.X.XX.XX.,15,11,15,12.5,2.5,0,0.5,-0.5
Wormholes,79,25,1,1,False,0,X.XX.XX.XX.XX..X....X...X,12,10,12,12.5,-0.5,0,0.5,-0.5
Wormholes,80,25,1,1,False,0,..X.XX.X..X.XX.X..X..X...,10,8,10,12.5,-2.5,0,0.5,-0.5
Wormholes,81,25,1,1,False,0,.XXXX.X......X.XX..XX..X.,11,12,11,12.5,-1.5,0,0.5,-0.5
Wormholes,82,25,1,1,False,0,.....X.XXX.XXXXX...X.....,10,16,10,12.5,-2.5,0,0.5,-0.5
Wormholes,83,25,1,1,False,0,.X.XX.XXXX.X.X..X..XX.X..,13,8,13,12.5,0.5,0,0.5,-0.5
Wormholes,84,25,1,1,False,0,.XX.X...XXX....XX..X.XXXX,13,13,13,12.5,0.5,0,0.5,-0.5
Wormholes,85,25,1,1,False,0,...XXX..XX.....X..X..X.XX,10,13,10,12.5,-2.5,0,0.5,-0.5
Wormholes,86,25,1,1,False,0,XX...X.X...X.X.XX..X..X..,10,9,10,12.5,-2.5,0,0.5,-0.5
Wormholes,87,25,1,1,False,0,.XX...XX.XX....X.........,7,16,7,12.5,-5.5,0,0.5,-0.5
Wormholes,88,25,1,1,False,0,X.XX.X..X..X..X...XXXX...,11,11,11,12.5,-1.5,0,0.5,-0.5
Wormholes,89,25,1,1,False,0,X.X....XXX.X.X.XX....XX..,11,11,11,12.5,-1.5,0,0.5,-0.5
Wormholes,90,25,1,1,False,0,.X....X...X...XXX.X..X.XX,10,11,10,12.5,-2.5,0,0.5,-0.5
Wormholes,91,25,1,1,False,0,XXX.XX.XXX.X.XX..XXX...XX,16,12,16,12.5,3.5,0,0.5,-0.5
Wormholes,92,25,1,1,False,0,..XX......XXXXX...XXX..X.,11,16,11,12.5,-1.5,0,0.5,-0.5
Wormholes,93,25,1,1,False,0,..XX..XX.X....XXXXXXXXXX.,15,16,15,12.5,2.5,0,0.5,-0.5
Wormholes,94,25,1,1,False,0,.XX..XXX.XX.X....XXXX.XXX,15,13,15,12.5,2.5,0,0.5,-0.5
Wormholes,95,25,1,1,False,0,X.X.X....X.XX...X..X.X.XX,11,8,11,12.5,-1.5,0,0.5,-0.5
Wormholes,96,25,1,1,False,0,.XXXXX.X...X.X.XX....XXXX,14,13,14,12.5,1.5,0,0.5,-0.5
Wormholes,97,25,1,1,False,0,X...XX..XXX....X...X...X.,9,13,9,12.5,-3.5,0,0.5,-0.5
Wormholes,98,25,1,1,False,0,XX.X.XX..XX..XXX....X.X..,12,11,12,12.5,-0.5,0,0.5,-0.5
Wormholes,99,25,1,1,False,0,X.XX..XXXX......XXX.XXXXX,15,16,15,12.5,2.5,0,0.5,-0.5
Wormholes,100,25,1,1,False,0,...XXXXXXXXX.X...XXXXXX..,16,18,16,12.5,3.5,0,0.5,-0.5
Wormholes,1,25,1,1,True,0,.XXX..X...XX..XX.XX...XX.,12,12,12,12.5,-0.5,0,0.5,-0.5
Wormholes,2,25,1,1,True,0,X...XXXXXXXX.XX..X.XXX.XX,17,14,17,12.5,4.5,0,0.5,-0.5
Wormholes,3,25,1,1,True,0,XX.XXXX......XXX...X...X.,11,15,11,12.5,-1.5,0,0.5,-0.5
Wormholes,4,25,1,1,True,0,..X.X.......X.X.X...X..XX,8,11,8,12.5,-4.5,0,0.5,-0.5
Wormholes,5,25,1,1,True,0,.XXXXX.X.XXXX....XX..XXXX,16,15,16,12.5,3.5,0,0.5,-0.5
Wormholes,6,25,1,1,True,0,XXX..XX..XXXXXXXX.X.X..XX,17,14,17,12.5,4.5,0,0.5,-0.5
Wormholes,7,25,1,1,True,0,X..X..XXX..X.X...X..X..XX,11,10,11,12.5,-1.5,0,0.5,-0.5
Wormholes,8,25,1,1,True,0,XXX...XX...X..X.X..X...X.,10,11,10,12.5,-2.5,0,0.5,-0.5
Wormholes,9,25,1,1,True,0,..X..X.X.....XX.XX.X..X.X,10,9,10,12.5,-2.5,0,0.5,-0.5
Wormholes,10,25,1,1,True,0,....XX..XXX.X..XXXX..XXXX,14,15,14,12.5,1.5,0,0.5,-0.5
Wormholes,11,25,1,1,True,0,XXX.X...X.XXX.XXXXX.XXX..,16,13,16,12.5,3.5,0,0.5,-0.5
Wormholes,12,25,1,1,True,0,..X.XX..XXX.XXXX.XXXX.X.X,16,11,16,12.5,3.5,0,0.5,-0.5
Wormholes,13,25,1,1,True,0,.X...XX.XXX.X..X.XXXX.XXX,15,11,15,12.5,2.5,0,0.5,-0.5
Wormholes,14,25,1,1,True,0,X....X.X..XX..X..X...X.XX,10,10,10,12.5,-2.5,0,0.5,-0.5
Wormholes,15,25,1,1,True,0,..X.X.XXXX.X..XXXX.X..X..,13,10,13,12.5,0.5,0,0.5,-0.5
Wormholes,16,25,1,1,True,0,XX.XXX.X.....X..X..X.X.X.,11,9,11,12.5,-1.5,0,0.5,-0.5
Wormholes,17,25,1,1,True,0,XX..X.XXX.X.X.XXXX.XXX.X.,16,9,16,12.5,3.5,0,0.5,-0.5
Wormholes,18,25,1,1,True,0,..XX..X.X...X.X...X....XX,9,11,9,12.5,-3.5,0,0.5,-0.5
Wormholes,19,25,1,1,True,0,.........X..XX.....X.XXX.,7,16,7,12.5,-5.5,0,0.5,-0.5
Wormholes,20,25,1,1,True,0,X.....XXX...X.XXX...X.X..,10,13,10,12.5,-2.5,0,0.5,-0.5
Wormholes,21,25,1,1,True,0,.X.XXXX.X.XXX.X..XXX.XX.X,16,9,16,12.5,3.5,0,0.5,-0.5
Wormholes,22,25,1,1,True,0,.XX.XX..XXXX....X.X....XX,12,13,12,12.5,-0.5,0,0.5,-0.5
Wormholes,23,25,1,1,True,0,..XX..X..X.X.X..X..XXX.X.,11,8,11,12.5,-1.5,0,0.5,-0.5
Wormholes,24,25,1,1,True,0,..X.X.X.XX.XXX.X....XX...,11,10,11,12.5,-1.5,0,0.5,-0.5
Wormholes,25,25,1,1,True,0,X.XX..XX.X..X....X....X..,9,11,9,12.5,-3.5,0,0.5,-0.5
Wormholes,26,25,1,1,True,0,.X...XX.X..X.XX.XX..XX.XX,13,9,13,12.5,0.5,0,0.5,-0.5
Wormholes,27,25,1,1,True,0,.X......XX..XX....XXXXXXX,12,17,12,12.5,-0.5,0,0.5,-0.5
Wormholes,28,25,1,1,True,0,X.X..XXXXX.X.X...XX..X.X.,13,9,13,12.5,0.5,0,0.5,-0.5
Wormholes,29,25,1,1,True,0,.XXXXX.XX.XX...X..X......,11,14,11,12.5,-1.5,0,0.5,-0.5
Wormholes,30,25,1,1,True,0,.X..X....XXX..XX.XXXXXXX.,14,14,14,12.5,1.5,0,0.5,-0.5
Wormholes,31,25,1,1,True,0,XX.XXX.XX..X....XXX.X.XXX,15,12,15,12.5,2.5,0,0.5,-0.5
Wormholes,32,25,1,1,True,0,X.X......XXXX..XX....XX.X,11,14,11,12.5,-1.5,0,0.5,-0.5
Wormholes,33,25,1,1,True,0,XXXX.XX.XXX....X...X..XXX,14,14,14,12.5,1.5,0,0.5,-0.5
Wormholes,34,25,1,1,True,0,XX.XX.....XXXX.X.X..XXXX.,14,13,14,12.5,1.5,0,0.5,-0.5
Wormholes,35,25,1,1,True,0,XX..X...X..X.XXX.XXX..XX.,13,11,13,12.5,0.5,0,0.5,-0.5
Wormholes,36,25,1,1,True,0,....XXX.XXX.....X..X...X.,9,14,9,12.5,-3.5,0,0.5,-0.5
Wormholes,37,25,1,1,True,0,...XX..XX.X.X.X.XXX...XX.,12,10,12,12.5,-0.5,0,0.5,-0.5
Wormholes,38,25,1,1,True,0,X.X.X.XXXX..XXX..XX.XXX.X,16,10,16,12.5,3.5,0,0.5,-0.5
Wormholes,39,25,1,1,True,0,.XXXXXXX..X.XX..XXX.X...X,15,13,15,12.5,2.5,0,0.5,-0.5
Wormholes,40,25,1,1,True,0,X.X.X.X...XX..X.XXX....XX,12,10,12,12.5,-0.5,0,0.5,-0.5
Wormholes,41,25,1,1,True,0,X..X.XX...X.X....X.XXXXX.,12,11,12,12.5,-0.5,0,0.5,-0.5
Wormholes,42,25,1,1,True,0,...X.XXX.XXX.XX....XX.X.X,13,11,13,12.5,0.5,0,0.5,-0.5
Wormholes,43,25,1,1,True,0,XX..X.X.X..XX.XX...X.XXXX,14,10,14,12.5,1.5,0,0.5,-0.5
Wormholes,44,25,1,1,True,0,XXX..X..XXX.XX.XX.XX...X.,14,11,14,12.5,1.5,0,0.5,-0.5
Wormholes,45,25,1,1,True,0,....X...X..X.X..XXX.XXX.X,11,11,11,12.5,-1.5,0,0.5,-0.5
Wormholes,46,25,1,1,True,0,X.X.X....XXXX.XXX.XXX..XX,15,12,15,12.5,2.5,0,0.5,-0.5
Wormholes,47,25,1,1,True,0,XX....XXXXX..X..XX.XXX..X,14,14,14,12.5,1.5,0,0.5,-0.5
Wormholes,48,25,1,1,True,0,XX..X.X.XX.XX..X...XX....,11,11,11,12.5,-1.5,0,0.5,-0.5
Wormholes,49,25,1,1,True,0,..XX.X..XXXXX...XXXX...XX,14,15,14,12.5,1.5,0,0.5,-0.5
Wormholes,50,25,1,1,True,0,X...X.XX.XXXXX.......XX..,11,15,11,12.5,-1.5,0,0.5,-0.5
Wormholes,51,25,1,1,True,0,XX..XXXX.X.X...X.X.....X.,11,11,11,12.5,-1.5,0,0.5,-0.5
Wormholes,52,25,1,1,True,0,XX...XXXX.XXX.XXXX.X...X.,15,13,15,12.5,2.5,0,0.5,-0.5
Wormholes,53,25,1,1,True,0,.XXXXXX..XXXX.XX.X....XX.,15,14,15,12.5,2.5,0,0.5,-0.5
Wormholes,54,25,1,1,True,0,X.XX..XXXX.X.XXXX.X....X.,14,11,14,12.5,1.5,0,0.5,-0.5
Wormholes,55,25,1,1,True,0,X.XXX...X.X...XX.XXX.X...,12,11,12,12.5,-0.5,0,0.5,-0.5
Wormholes,56,25,1,1,True,0,..X.XX...X.XXX.X.X.XXX...,12,10,12,12.5,-0.5,0,0.5,-0.5
Wormholes,57,25,1,1,True,0,XX....X..XXX.X...X.....X.,9,13,9,12.5,-3.5,0,0.5,-0.5
Wormholes,58,25,1,1,True,0,.X..X..XX.X.X..X..X..X.X.,10,6,10,12.5,-2.5,0,0.5,-0.5
Wormholes,59,25,1,1,True,0,.X.XX.X..X.XXXXXXXXXX.XX.,17,12,17,12.5,4.5,0,0.5,-0.5
Wormholes,60,25,1,1,True,0,X..XX....XXX.XXXX...X...X,12,14,12,12.5,-0.5,0,0.5,-0.5
Wormholes,61,25,1,1,True,0,XX..XX..X.XX...XX.XX.XX.X,14,10,14,12.5,1.5,0,0.5,-0.5
Wormholes,62,25,1,1,True,0,.X.XXXXXX.XXX..X.XXXXXXXX,19,15,19,12.5,6.5,0,0.5,-0.5
Wormholes,63,25,1,1,True,0,XXX..X..X..X.XX..XX.XX...,12,11,12,12.5,-0.5,0,0.5,-0.5
Wormholes,64,25,1,1,True,0,..X.XXXXX..X..XXXX.X...X.,13,12,13,12.5,0.5,0,0.5,-0.5
